date,observers,plot.code,burn,severity,line.cover.cm,angle.degrees,shape,num.pieces,diameter1.width.cm,diameter2.height.cm,decay.class
6/23/2016,SN,DM17,D,FU,26,0,A,2,20,15,3
6/23/2016,SN,DL16,D,FL,10,0,R,1,10,NA,2
6/23/2016,SN,DL16,D,FL,24,0,R,1,20,NA,2
6/23/2016,SN,DL16,D,FL,30,0,O,1,24,5,5
6/23/2016,SN,DL16,D,FL,30,0,R,1,21,NA,1
6/23/2016,SN,DM18,D,FM,30,0,A,3,30,20,1
6/23/2016,SN,DM18,D,FM,64,0,R,1,50,NA,3
6/24/2016,SN,DM52,D,FM,24,0,R,1,24,NA,3
6/24/2016,SN,DM52,D,FM,55,30,R,1,40,NA,2
6/24/2016,SN,DM52,D,FM,20,50,R,1,14,NA,2
6/24/2016,SN,DH49,D,FH,50,0,A,2,30,8,3
6/24/2016,SN,DH49,D,FH,30,0,R,1,24,NA,3
6/24/2016,SN,DH49,D,FH,90,0,R,1,11,NA,2
6/24/2016,SN,DH49,D,FH,22,0,R,1,20,NA,3
6/24/2016,SN,DH49,D,FH,20,0,R,1,20,NA,2
6/24/2016,SN,DH49,D,FH,11,0,R,1,11,NA,2
6/24/2016,SN,DH49,D,FH,30,0,R,1,17,NA,2
6/24/2016,SN,DH49,D,FH,22,0,R,1,15,NA,2
6/24/2016,SN,DH49,D,FH,22,0,O,1,12,7,4
6/24/2016,SN,DH49,D,FH,15,0,R,1,15,NA,2
6/24/2016,SN,DH49,D,FH,50,0,A,4,50,30,3
6/24/2016,SN,DH49,D,FH,16,0,R,1,14,NA,2
6/24/2016,SN,DH49,D,FH,40,0,R,1,22,NA,3
6/24/2016,SN,DH49,D,FH,16,0,R,1,14,NA,3
6/24/2016,SN,DH49,D,FH,22,0,R,1,14,NA,3
6/24/2016,SN,DH49,D,FH,14,0,R,1,11,NA,3
6/24/2016,SN,DH49,D,FH,15,0,R,1,15,NA,3
6/24/2016,SN,DH49,D,FH,70,0,R,1,21,NA,3
6/24/2016,SN,DH49,D,FH,15,0,A,2,15,7,3
6/20/2016,SN,DU14,D,FU,NA,NA,NA,NA,NA,NA,NA
6/20/2016,SN,DU11,D,FU,NA,NA,NA,NA,NA,NA,NA
6/20/2016,SN,DU8,D,FU,NA,NA,NA,NA,NA,NA,NA
6/21/2016,SN,DU7,D,FU,10,0,R,1,10,NA,2
6/21/2016,SN,DU7,D,FU,16,0,R,1,20,NA,3
6/21/2016,SN,DU7,D,FU,13,0,S,1,13,10,4
6/21/2016,SN,DU3,D,FU,35,0,O,1,35,5,5
6/21/2016,SN,DU3,D,FU,40,0,A,2,23,5,2
6/21/2016,SN,DU3,D,FU,18,0,O,1,18,3,5
6/21/2016,SN,DU3,D,FU,340,0,R,1,35,NA,4
6/21/2016,SN,DU3,D,FU,10,0,O,1,10,1,5
6/21/2016,SN,DU5,D,FU,27,0,R,1,27,NA,3
6/21/2016,SN,DU5,D,FU,14,0,O,1,14,3,5
6/21/2016,SN,DU4,D,FU,23,0,R,1,14,NA,2
6/22/2016,SN,DU1,D,FU,NA,NA,NA,NA,NA,NA,NA
6/22/2016,SN,DU9,D,FU,28,0,S,1,22,5,5
6/22/2016,SN,DU2,D,FU,10,0,R,1,10,NA,4
6/22/2016,SN,DU6,D,FU,NA,NA,NA,NA,NA,NA,NA
6/22/2016,SN,DU15,D,FU,20,50,R,1,20,NA,1
6/22/2016,SN,DU15,D,FU,30,0,R,1,20,NA,2
6/23/2016,SN,DU10,D,FU,43,0,O,1,37,15,4
6/23/2016,SN,DU10,D,FU,34,0,R,1,33,NA,3
6/23/2016,SN,DU13,D,FU,40,0,R,1,20,NA,4
6/23/2016,SN,DU12,D,FU,19,0,R,1,15,NA,3
6/23/2016,SN,DU12,D,FU,130,0,O,1,12,10,5
6/23/2016,SN,DM17,D,FM,22,0,R,1,20,NA,2
6/23/2016,SN,DM17,D,FM,20,25,R,1,15,NA,1
6/23/2016,SN,DM17,D,FM,16,0,R,1,13,NA,2
6/23/2016,SN,DM17,D,FM,13,0,R,1,10,NA,2
7/2/2016,SN,DH54,D,FH,40,0,R,1,20,NA,2
7/2/2016,SN,DH54,D,FH,26,0,R,1,15,NA,3
7/2/2016,SN,DH54,D,FH,22,0,R,1,13,NA,3
7/2/2016,SN,DH54,D,FH,15,0,R,1,15,NA,3
7/2/2016,SN,DH54,D,FH,12,0,R,1,11,NA,3
7/2/2016,SN,DH54,D,FH,40,0,R,1,40,NA,3
7/2/2016,SN,DH54,D,FH,10,0,R,1,10,NA,3
7/2/2016,SN,DH54,D,FH,95,0,R,1,16,NA,2
7/2/2016,SN,DH54,D,FH,23,40,R,1,20,NA,2
7/2/2016,SN,DH54,D,FH,14,0,R,1,13,NA,2
7/2/2016,SN,DH56,D,FH,12,0,R,1,12,NA,2
7/2/2016,SN,DH56,D,FH,19,0,R,1,16,NA,2
7/2/2016,SN,DH56,D,FH,24,0,R,1,24,NA,2
7/2/2016,SN,DH56,D,FH,24,0,R,1,24,NA,2
7/2/2016,SN,DH56,D,FH,11,30,R,1,10,NA,2
7/2/2016,SN,DH56,D,FH,25,0,R,1,25,NA,2
7/2/2016,SN,DH56,D,FH,21,0,R,1,17,NA,2
7/2/2016,SN,DH56,D,FH,30,30,R,1,27,NA,2
7/2/2016,SN,DH56,D,FH,50,0,R,1,30,NA,3
7/2/2016,SN,DH56,D,FH,14,0,R,1,13,NA,2
7/2/2016,SN,DH56,D,FH,25,0,R,1,20,NA,3
7/2/2016,SN,DH56,D,FH,17,0,R,1,17,NA,2
6/24/2016,SN,DL109,D,FL,12,0,R,1,12,NA,2
6/24/2016,SN,DL109,D,FL,42,0,R,1,20,NA,2
6/24/2016,SN,DL109,D,FL,45,0,R,1,25,NA,3
6/24/2016,SN,DL109,D,FL,130,0,R,1,36,NA,2
6/24/2016,SN,DL109,D,FL,55,0,R,1,40,NA,3
7/5/2016,EK,DH29,D,FH,39,0,R,1,28,NA,3
7/5/2016,EK,DM30,D,FM,19,0,R,1,15,NA,3
7/5/2016,EK,DM30,D,FM,14,0,R,1,13,NA,3
7/5/2016,EK,DH55,D,FH,68,0,R,1,68,NA,2
7/5/2016,EK,DH55,D,FH,15,0,R,1,27,NA,3
7/5/2016,EK,DH55,D,FH,11,0,R,1,10,NA,2
7/5/2016,EK,DH55,D,FH,11,0,R,1,10,NA,2
7/5/2016,EK,DH55,D,FH,30,0,R,1,20,NA,3
7/5/2016,EK,DH55,D,FH,20,30,R,1,10,NA,2
7/5/2016,EK,DH55,D,FH,370,0,A,4,37,10,2
7/5/2016,EK,DH55,D,FH,15,45,R,1,14,NA,3
7/5/2016,EK,DH55,D,FH,31,0,R,1,39,NA,3
7/5/2016,EK,DH55,D,FH,25,0,R,1,25,NA,3
7/5/2016,EK,DH55,D,FH,25,0,R,1,20,NA,3
7/5/2016,EK,DH28,D,FH,18,0,R,1,18,NA,3
7/5/2016,EK,DH28,D,FH,10,40,R,1,10,NA,2
7/5/2016,EK,DH28,D,FH,60,0,R,1,23,NA,3
7/5/2016,EK,DH28,D,FH,10,20,R,1,10,NA,2
7/5/2016,EK,DH28,D,FH,14,30,R,1,14,NA,2
7/5/2016,EK,DH28,D,FH,27,0,R,1,21,NA,3
7/5/2016,EK,DH28,D,FH,15,30,R,1,15,NA,1
7/5/2016,EK,DH28,D,FH,40,50,R,1,27,NA,3
7/5/2016,EK,DH28,D,FH,24,0,R,1,24,NA,3
7/5/2016,EK,DH28,D,FH,27,0,A,2,20,5,3
7/5/2016,EK,DH28,D,FH,20,0,R,1,16,NA,2
7/5/2016,EK,DH28,D,FH,40,0,R,1,20,NA,2
7/5/2016,EK,DH28,D,FH,10,0,R,1,10,NA,2
7/5/2016,EK,DH28,D,FH,100,0,R,1,40,NA,1
7/5/2016,EK,DH28,D,FH,43,30,R,1,30,NA,2
7/5/2016,EK,DH28,D,FH,23,0,R,1,20,NA,3
7/5/2016,EK,DH28,D,FH,26,0,R,1,26,NA,3
7/5/2016,EK,DH37,D,FH,26,0,R,1,20,NA,2
7/5/2016,EK,DH37,D,FH,15,0,R,1,15,NA,1
7/5/2016,EK,DH37,D,FH,10,0,R,1,10,NA,1
7/5/2016,EK,DH37,D,FH,32,0,R,1,32,NA,2
7/5/2016,EK,DH37,D,FH,10,0,R,1,10,NA,2
7/5/2016,EK,DH37,D,FH,40,0,O,1,20,2,5
7/5/2016,EK,DH37,D,FH,23,0,R,1,15,NA,2
7/5/2016,EK,DH37,D,FH,20,0,R,1,19,NA,2
7/5/2016,EK,DH37,D,FH,17,30,R,1,17,NA,2
7/5/2016,EK,DH38,D,FH,38,0,R,1,32,NA,2
7/5/2016,EK,DH38,D,FH,25,0,R,1,12,NA,3
7/5/2016,EK,DH38,D,FH,34,0,S,1,15,7,4
7/8/2016,SN,DL51,D,FL,280,0,R,1,30,NA,2
7/8/2016,SN,DM53,D,FM,170,30,A,5,170,20,1
7/8/2016,SN,DM53,D,FM,10,0,R,1,10,NA,1
7/8/2016,SN,DM53,D,FM,10,0,R,1,10,NA,2
7/8/2016,SN,DM53,D,FM,100,0,R,1,21,NA,2
7/8/2016,SN,DL40,D,FL,12,0,R,1,11,NA,2
7/8/2016,SN,DL40,D,FL,17,0,R,1,15,NA,2
7/8/2016,SN,DL40,D,FL,33,30,R,1,13,NA,2
7/8/2016,SN,DL40,D,FL,10,0,R,1,10,NA,1
7/8/2016,SN,DH20,D,FH,30,0,R,1,27,NA,3
7/8/2016,SN,DH20,D,FH,20,0,R,1,14,NA,3
7/8/2016,SN,DH20,D,FH,15,0,R,1,15,NA,4
7/8/2016,SN,DH20,D,FH,30,0,R,1,20,NA,4
7/8/2016,SN,DH20,D,FH,21,0,O,1,21,4,5
7/8/2016,SN,DM102,D,FM,29,0,R,1,16,NA,3
7/8/2016,SN,DM102,D,FM,17,0,R,1,10,NA,2
7/8/2016,SN,DM19,D,FM,15,0,R,1,10,NA,2
7/8/2016,SN,DM19,D,FM,35,0,R,1,35,NA,3
7/8/2016,SN,DM19,D,FM,31,0,R,1,18,NA,3
7/8/2016,SN,DM22,D,FM,30,0,R,1,30,NA,4
7/8/2016,SN,DM22,D,FM,13,0,R,1,10,NA,2
7/8/2016,SN,DM22,D,FM,24,0,R,1,24,NA,2
7/8/2016,SN,DM22,D,FM,10,0,R,1,10,NA,1
7/8/2016,SN,DM22,D,FM,19,0,R,1,10,NA,2
7/8/2016,SN,DM22,D,FM,14,0,R,1,14,NA,2
7/8/2016,SN,DL21,D,FL,20,0,R,1,20,NA,1
7/8/2016,SN,DL21,D,FL,15,0,R,1,14,NA,1
7/8/2016,SN,DL21,D,FL,50,0,R,1,50,NA,1
7/13/2016,SN,DL106,D,FL,24,0,R,1,16,NA,1
7/13/2016,SN,DL106,D,FL,30,0,R,1,18,NA,1
7/13/2016,SN,DL106,D,FL,10,0,R,1,10,NA,2
7/13/2016,SN,DL106,D,FL,17,0,R,1,15,NA,3
7/13/2016,SN,DL106,D,FL,27,0,R,1,17,NA,1
7/13/2016,SN,DL106,D,FL,50,0,R,1,20,NA,2
7/13/2016,SN,DL106,D,FL,40,0,R,1,40,NA,2
7/13/2016,SN,DM101,D,FM,50,0,R,1,20,NA,1
7/13/2016,SN,DM101,D,FM,47,0,R,1,22,NA,1
7/13/2016,SN,DM101,D,FM,10,0,R,1,10,NA,2
7/13/2016,SN,DM101,D,FM,70,0,R,1,10,NA,2
7/13/2016,SN,DL107,D,FL,13,0,R,1,13,NA,1
7/13/2016,SN,DL107,D,FL,13,0,R,1,13,NA,1
7/13/2016,SN,DL107,D,FL,28,0,R,1,20,NA,1
7/13/2016,SN,DL107,D,FL,10,0,R,1,10,NA,1
7/13/2016,SN,DM100,D,FM,43,0,R,1,24,NA,2
7/13/2016,SN,DM100,D,FM,125,0,R,1,41,NA,3
6/24/2016,SN,DH49,D,FH,24,0,R,1,22,NA,3
6/24/2016,SN,DH49,D,FH,40,0,A,2,25,25,3
6/24/2016,SN,DH49,D,FH,10,0,R,1,10,NA,3
6/24/2016,SN,DH49,D,FH,16,0,R,1,14,NA,3
6/24/2016,SN,DM45,D,FM,24,0,R,1,24,NA,2
6/24/2016,SN,DM45,D,FM,24,0,R,1,23,NA,2
6/24/2016,SN,DM45,D,FM,16,0,R,1,14,NA,2
6/24/2016,SN,DM45,D,FM,13,0,R,1,12,NA,3
6/24/2016,SN,DM45,D,FM,20,0,R,1,12,NA,3
6/24/2016,SN,DM45,D,FM,30,0,R,1,24,NA,2
6/24/2016,SN,DM45,D,FM,20,0,R,1,13,NA,2
6/24/2016,SN,DM45,D,FM,32,0,R,1,28,NA,2
6/24/2016,SN,DL44,D,FL,44,0,R,1,14,NA,2
6/24/2016,SN,DL44,D,FL,39,0,R,1,38,NA,2
7/2/2016,SN,DH47,D,FH,20,0,R,1,10,NA,2
7/2/2016,SN,DH47,D,FH,19,0,R,1,19,NA,3
7/2/2016,SN,DH47,D,FH,21,30,R,1,14,NA,3
7/2/2016,SN,DH47,D,FH,12,0,R,1,11,NA,3
7/2/2016,SN,DH47,D,FH,28,0,R,1,28,NA,2
7/2/2016,SN,DH46,D,FH,16,0,R,1,16,NA,2
7/2/2016,SN,DH46,D,FH,57,45,R,1,19,NA,2
7/2/2016,SN,DH46,D,FH,16,0,R,1,11,NA,2
7/2/2016,SN,DH46,D,FH,10,30,R,1,10,NA,2
7/2/2016,SN,DH46,D,FH,17,45,R,1,28,NA,3
7/2/2016,SN,DH46,D,FH,35,0,R,1,35,NA,3
7/2/2016,SN,DH46,D,FH,12,0,R,1,11,NA,3
7/2/2016,SN,DH46,D,FH,40,0,R,1,14,NA,2
7/2/2016,SN,DH46,D,FH,40,0,R,1,12,NA,2
7/2/2016,SN,DM103,D,FM,23,0,R,1,19,NA,3
7/2/2016,SN,DM103,D,FM,13,0,R,1,10,NA,3
7/2/2016,SN,DM103,D,FM,94,0,R,1,19,NA,3
7/2/2016,SN,DM103,D,FM,20,0,R,1,20,NA,3
7/2/2016,SN,DM103,D,FM,28,0,R,1,12,NA,4
7/2/2016,SN,DM103,D,FM,13,0,R,1,12,3,4
7/2/2016,SN,DM103,D,FM,19,0,R,1,16,NA,3
7/2/2016,SN,DM103,D,FM,17,0,R,1,17,NA,3
7/2/2016,SN,DM48,D,FM,40,0,R,1,38,NA,2
7/2/2016,SN,DL50,D,FL,55,30,R,1,44,NA,2
7/2/2016,SN,DL50,D,FL,13,0,R,1,10,NA,1
7/2/2016,SN,DL50,D,FL,19,0,R,1,10,NA,1
7/2/2016,SN,DL50,D,FL,15,0,R,1,12,NA,1
7/2/2016,SN,DL50,D,FL,16,0,R,1,13,NA,2
7/2/2016,SN,DL50,D,FL,25,0,R,1,18,NA,1
7/2/2016,SN,DL50,D,FL,22,0,R,1,17,NA,1
7/2/2016,SN,DL50,D,FL,20,0,R,1,20,NA,1
7/2/2016,SN,DL50,D,FL,24,0,R,1,24,NA,3
7/2/2016,SN,DL50,D,FL,16,0,R,1,16,NA,3
7/2/2016,SN,DL50,D,FL,26,0,R,1,25,NA,2
7/2/2016,SN,DL43,D,FL,27,0,R,1,27,NA,2
7/2/2016,SN,DL43,D,FL,84,0,R,1,10,NA,2
7/2/2016,SN,DL43,D,FL,15,0,R,1,15,NA,3
7/2/2016,SN,DL43,D,FL,34,0,R,1,20,NA,3
7/2/2016,SN,DL43,D,FL,12,0,R,1,12,NA,2
7/2/2016,SN,DL43,D,FL,26,0,R,1,20,NA,2
7/2/2016,SN,DH54,D,DH,17,0,R,1,12,NA,3
7/2/2016,SN,DH54,D,DH,16,0,R,1,16,NA,4
7/2/2016,SN,DH54,D,DH,13,0,R,1,13,NA,3
7/2/2016,SN,DH54,D,DH,50,0,R,1,20,NA,3
7/13/2016,SN,DM100,D,FM,14,0,R,1,14,NA,2
7/13/2016,SN,DM100,D,FM,13,0,R,1,13,NA,2
7/13/2016,SN,DM100,D,FM,20,0,R,1,20,NA,3
7/13/2016,SN,DM100,D,FM,21,0,R,1,19,NA,3
7/13/2016,SN,DM100,D,FM,14,0,R,1,14,NA,2
7/13/2016,SN,DM100,D,FM,29,0,R,1,18,NA,3
7/13/2016,SN,DM100,D,FM,20,0,R,1,10,NA,4
7/13/2016,SN,DM100,D,FM,22,0,R,1,18,NA,3
7/13/2016,SN,DM100,D,FM,11,0,R,1,11,NA,3
7/13/2016,SN,DM100,D,FM,14,0,R,1,11,NA,3
7/13/2016,SN,DM104,D,FM,34,0,R,1,34,NA,2
7/13/2016,SN,DM104,D,FM,10,0,R,1,10,NA,3
7/13/2016,SN,DM104,D,FM,15,0,R,1,15,NA,3
7/13/2016,SN,DM104,D,FM,33,0,R,1,20,NA,3
7/13/2016,SN,DM104,D,FM,13,0,R,1,10,NA,3
7/13/2016,SN,DM104,D,FM,46,0,R,1,30,NA,2
7/13/2016,SN,DM104,D,FM,21,0,R,1,21,NA,2
7/13/2016,SN,DL108,D,FL,14,40,R,1,14,NA,1
7/13/2016,SN,DL108,D,FL,36,20,R,1,20,NA,1
7/13/2016,SN,DL108,D,FL,19,0,R,1,19,NA,2
7/13/2016,SN,DL108,D,FL,16,50,R,1,16,NA,1
7/13/2016,SN,DL108,D,FL,11,0,R,1,11,NA,1
7/13/2016,SN,DL23,D,FL,16,0,R,1,16,NA,2
7/13/2016,SN,DL23,D,FL,13,0,R,1,12,NA,1
7/13/2016,SN,DL23,D,FL,13,0,R,1,13,NA,2
7/13/2016,SN,DL23,D,FL,17,0,R,1,13,NA,1
7/13/2016,SN,DL23,D,FL,10,0,R,1,10,NA,1
7/13/2016,SN,DL23,D,FL,14,0,R,1,12,NA,1
7/13/2016,SN,DL23,D,FL,25,0,R,1,25,NA,1
7/13/2016,SN,DL23,D,FL,19,0,R,1,19,NA,1
7/13/2016,SN,DL105,D,FL,23,0,R,1,20,NA,1
7/13/2016,SN,DL105,D,FL,20,0,R,1,12,NA,2
7/13/2016,SN,DL105,D,FL,12,0,R,1,12,NA,2
7/13/2016,SN,DL105,D,FL,55,0,R,1,53,NA,1
7/13/2016,SN,DL105,D,FL,65,0,R,1,21,NA,2
7/13/2016,SN,DL105,D,FL,13,0,R,1,13,NA,1
7/13/2016,SN,DL105,D,FL,21,0,R,1,20,NA,1
7/13/2016,SN,DL105,D,FL,17,0,R,1,14,NA,3
7/13/2016,SN,DL105,D,FL,17,0,R,1,17,NA,2
7/13/2016,SN,DL59,D,FL,15,0,R,1,12,NA,1
7/13/2016,SN,DL59,D,FL,20,0,R,1,20,NA,1
7/13/2016,SN,DL59,D,FL,21,0,R,1,14,NA,1
7/13/2016,SN,DL59,D,FL,21,0,R,1,21,NA,1
7/13/2016,SN,DL59,D,FL,46,0,R,1,46,NA,1
7/18/2016,SN,DH42,D,FH,16,0,R,1,15,NA,2
7/18/2016,SN,DH42,D,FH,25,0,R,1,13,NA,2
7/18/2016,SN,DH42,D,FH,40,0,R,1,20,NA,2
7/18/2016,SN,DH42,D,FH,30,0,R,1,18,NA,2
7/18/2016,SN,DH42,D,FH,20,0,R,1,16,NA,2
7/18/2016,SN,DH42,D,FH,100,0,R,1,25,NA,2
7/18/2016,SN,DH42,D,FH,14,0,R,1,14,NA,2
7/18/2016,SN,DH42,D,FH,19,0,R,1,19,NA,3
7/18/2016,SN,DH42,D,FH,15,0,R,1,15,NA,3
7/18/2016,SN,DH42,D,FH,13,0,R,1,13,NA,3
7/18/2016,SN,DH42,D,FH,18,0,R,1,18,NA,3
7/18/2016,SN,DH42,D,FH,23,0,R,1,18,NA,2
7/18/2016,SN,DH42,D,FH,40,0,R,1,26,NA,2
7/18/2016,SN,DM39,D,FM,37,0,R,1,21,NA,3
7/18/2016,SN,DM39,D,FM,11,20,R,1,11,NA,1
7/18/2016,SN,DL41,D,FL,50,0,A,2,15,8,4
7/18/2016,SN,DH26,D,FH,47,20,R,1,19,NA,2
7/18/2016,SN,DH26,D,FH,13,0,R,1,13,NA,3
7/18/2016,SN,DH26,D,FH,17,0,O,1,17,2,5
7/18/2016,SN,DH26,D,FH,13,0,R,1,13,NA,2
7/18/2016,SN,DH26,D,FH,27,35,R,1,22,NA,3
7/18/2016,SN,DH26,D,FH,13,0,R,1,12,NA,3
7/18/2016,SN,DH26,D,FH,20,0,R,1,20,NA,3
7/18/2016,SN,DH26,D,FH,26,0,R,1,26,NA,2
7/18/2016,SN,DH26,D,FH,20,0,R,1,17,NA,2
7/18/2016,SN,DH26,D,FH,12,0,R,1,11,NA,4
7/18/2016,SN,DH57,D,FH,12,0,R,1,12,NA,2
7/18/2016,SN,DH57,D,FH,22,0,R,1,22,NA,2
7/18/2016,SN,DH57,D,FH,19,0,R,1,19,NA,2
7/18/2016,SN,DH57,D,FH,16,0,R,1,16,NA,2
7/18/2016,SN,DH57,D,FH,21,0,R,1,21,NA,2
7/18/2016,SN,DH57,D,FH,12,0,R,1,12,NA,2
7/18/2016,SN,DH57,D,FH,11,0,R,1,11,NA,3
7/18/2016,SN,DH57,D,FH,21,0,R,1,21,NA,2
7/18/2016,SN,DH57,D,FH,16,0,R,1,12,NA,2
7/18/2016,SN,DH57,D,FH,27,0,R,1,20,NA,2
7/18/2016,SN,DH57,D,FH,15,0,S,1,13,3,4
7/18/2016,SN,DH57,D,FH,13,0,R,1,13,NA,2
7/18/2016,SN,DH57,D,FH,10,15,R,1,10,NA,2
7/18/2016,SN,DH57,D,FH,20,0,R,1,20,NA,2
7/18/2016,SN,DH24,D,FH,27,0,R,1,27,NA,2
7/18/2016,SN,DH24,D,FH,17,0,R,1,14,NA,2
7/18/2016,SN,DH24,D,FH,22,0,R,1,12,NA,1
7/18/2016,SN,DH24,D,FH,40,0,A,2,26,15,2
7/18/2016,SN,DH24,D,FH,18,0,R,1,18,NA,2
7/18/2016,SN,DH24,D,FH,22,30,R,1,14,NA,2
7/18/2016,SN,DH24,D,FH,48,0,R,1,56,NA,2
5/9/2016,TD,105,FR,FU,0,0,NA,0,0,0,0
5/9/2016,TD,32,FR,FU,25,0,R,1,20,NA,3
5/9/2016,TD,32,FR,FU,85,NA,A,2,34,8,NA
5/9/2016,TD,32,FR,FU,17,0,R,1,12,NA,4
5/9/2016,SN,32,FR,FU,30,0,R,1,12,NA,2
5/9/2016,TD,35,FR,FU,0,0,NA,0,0,0,0
5/9/2016,TD,34,FR,FU,11,0,R,1,10,NA,0
5/9/2016,TD,50,FR,GU,0,0,NA,0,0,0,0
5/9/2016,TD,108,FR,GU,0,0,NA,0,0,0,0
5/9/2016,TD,33,FR,FU,0,0,NA,0,0,0,0
5/9/2016,TD,54,FR,GU,0,0,NA,0,0,0,0
5/9/2016,TD,31,FR,FU,20,0,R,1,16,NA,1
5/9/2016,TD,36,FR,FU,22.5,0,R,1,15.5,NA,2
5/9/2016,TD,53,FR,GU,NA,NA,NA,NA,NA,NA,NA
5/9/2016,TD,52,FR,GU,NA,NA,NA,NA,NA,NA,NA
5/9/2016,TD,51,FR,GU,NA,NA,NA,NA,NA,NA,NA
5/9/2016,TD,110,FR,FM,19,0,O,1,18,2,5
5/9/2016,TD,110,FR,FM,15,0,R,1,14,NA,3
5/9/2016,TD,110,FR,FM,67,0,A,3,67,2,5
5/9/2016,TD,37,FR,FH,20,30,R,1,14,NA,3
5/9/2016,SN,37,FR,FH,12,0,O,1,12,3,5
5/9/2016,SN,37,FR,FH,20,10,S,1,19,34,4
5/9/2016,SN,37,FR,FH,10,0,R,1,10,NA,4
5/9/2016,SN,37,FR,FH,28,0,R,1,26,NA,3
5/9/2016,SN,37,FR,FH,18,0,R,1,11,NA,2
5/9/2016,SN,37,FR,FH,11,0,O,1,11,5,5
5/9/2016,SN,37,FR,FH,25,0,R,1,12,NA,4
5/9/2016,SN,37,FR,FH,74,0,R,1,56,NA,3
5/9/2016,SN,41,FR,FH,50,0,A,2,51,10,5
5/9/2016,SN,41,FR,FH,15,0,R,1,10,NA,4
5/9/2016,SN,41,FR,FH,30,0,S,1,30,15,4
5/9/2016,SN,41,FR,FH,28,0,S,1,17,10,4
5/9/2016,SN,41,FR,FH,37,0,S,1,36,7,5
5/9/2016,SN,41,FR,FH,35,0,S,1,22,8,4
5/9/2016,SN,41,FR,FH,27,0,R,1,25,NA,4
5/9/2016,SN,41,FR,FH,30,0,R,1,27,NA,4
5/9/2016,TD,46,FR,FL,0,0,NA,0,0,0,0
5/9/2016,EK,61,FR,FM,45,0,O,1,43,4,5
5/9/2016,EK,61,FR,FM,27,0,S,1,24,5,5
5/9/2016,EK,61,FR,FM,15,20,R,1,10,NA,3
5/9/2016,TD,213,FR,GB,0,0,NA,0,0,0,0
5/9/2016,SN,44,FR,FL,40,0,O,1,30,3,5
5/9/2016,SN,44,FR,FL,13,0,R,1,11,NA,3
5/9/2016,SN,44,FR,FL,17,0,R,1,12,NA,3
5/9/2016,SN,44,FR,FL,17,0,S,1,15,10,4
5/9/2016,TD,56,FR,GB,0,0,NA,0,0,0,0
5/9/2016,SN,206,FR,FL,80,0,R,1,44,NA,2
5/9/2016,SN,206,FR,FL,14,0,R,1,14,NA,3
5/9/2016,SN,206,FR,FL,20,0,R,1,18,NA,5
5/9/2016,SN,206,FR,FL,13,0,R,1,12,NA,5
5/9/2016,TD,208,FR,FL,14,0,R,1,14,NA,2
5/9/2016,TD,208,FR,FL,10,0,R,1,10,NA,3
5/9/2016,TD,208,FR,FL,17,0,R,1,13,NA,3
5/9/2016,TD,208,FR,FL,32,0,S,1,29,5,4
5/9/2016,TD,208,FR,FL,12,0,R,1,12,NA,2
5/9/2016,TD,208,FR,FL,35,0,R,1,30,NA,2
5/9/2016,TD,208,FR,FL,14,0,R,1,12,NA,2
5/9/2016,TD,208,FR,FL,15,30,R,1,10,NA,1
5/17/2016,EK,62,FR,FM,30,0,S,1,19,9,4
5/17/2016,EK,62,FR,FM,21,0,S,1,21,8,4
5/17/2016,EK,62,FR,FM,45,0,R,1,36,NA,3
5/17/2016,EK,59,FR,GB,NA,NA,NA,NA,NA,NA,NA
5/17/2016,EK,203,FR,FM,65,0,S,1,15,12,5
5/17/2016,EK,203,FR,FM,20,0,R,1,23,NA,4
5/17/2016,EK,66,FR,FM,300,20,A,3,36,20,NA
5/17/2016,EK,58,FR,GB,NA,NA,NA,NA,NA,NA,NA
5/17/2016,EK,205,FR,FM,40,0,S,1,36,6,5
5/17/2016,EK,205,FR,FM,25,0,A,2,17,12,3
5/17/2016,EK,205,FR,FM,45,0,R,1,44,NA,4
5/17/2016,EK,205,FR,FM,40,0,S,1,27,8,5
5/17/2016,EK,212,FR,GB,NA,NA,NA,NA,NA,NA,NA
5/17/2016,EK,211,FR,GB,NA,NA,NA,NA,NA,NA,NA
5/17/2016,EK,109,FR,GB,NA,NA,NA,NA,NA,NA,NA
5/17/2016,EK,39,FR,FH,45,0,R,1,32,NA,4
5/17/2016,EK,39,FR,FH,30,0,R,1,10,NA,4
5/17/2016,EK,39,FR,FH,75,0,O,1,26,4,3
5/17/2016,EK,39,FR,FH,11,0,R,1,10,NA,5
5/17/2016,EK,39,FR,FH,15,0,R,1,14,NA,3
5/17/2016,EK,39,FR,FH,12,0,R,1,12,NA,3
5/17/2016,EK,39,FR,FH,20,20,R,1,20,NA,3
5/17/2016,EK,209,FR,FL,40,0,R,1,31,NA,4
5/17/2016,EK,209,FR,FL,25,0,R,1,17,NA,4
5/18/2016,EK,64,FR,FM,22,0,S,1,22,9,5
5/18/2016,EK,64,FR,FM,23,30,R,1,12,NA,3
5/18/2016,SN,106,FR,FH,12,0,R,1,12,NA,4
5/18/2016,SN,106,FR,FH,17,0,R,1,14,NA,4
5/18/2016,SN,106,FR,FH,20,0,S,1,15,2,5
5/18/2016,SN,106,FR,FH,32,0,S,1,32,4,5
5/18/2016,SN,106,FR,FH,29,0,S,1,28,8,5
5/18/2016,SN,106,FR,FH,35,0,S,1,22,10,3
5/18/2016,SN,106,FR,FH,20,0,R,1,20,NA,4
5/18/2016,SN,106,FR,FH,25,0,S,1,25,7,4
5/18/2016,SN,106,FR,FH,15,0,S,1,13,5,5
5/18/2016,SN,106,FR,FH,21,0,R,1,21,NA,3
5/18/2016,SN,106,FR,FH,90,0,A,2,44,13,4
5/18/2016,EK,45,FR,FL,NA,NA,NA,NA,NA,NA,NA
5/18/2016,EK,40,FR,FH,32,0,S,1,32,13,4
5/18/2016,EK,40,FR,FH,13,0,R,1,12,NA,3
5/18/2016,EK,40,FR,FH,14,0,R,1,13,NA,5
5/18/2016,EK,40,FR,FH,20,0,R,1,13,NA,3
5/18/2016,EK,40,FR,FH,30,0,S,1,20,5,5
5/18/2016,EK,40,FR,FH,12,0,R,1,10,NA,4
5/18/2016,EK,40,FR,FH,18,0,S,1,18,5,4
5/18/2016,EK,40,FR,FH,30,0,S,1,18,6,5
5/18/2016,EK,40,FR,FH,50,0,O,1,10,5,4
5/18/2016,EK,215,FR,FL,NA,NA,NA,NA,NA,NA,NA
5/18/2016,EK,55,FR,GB,70,0,R,1,24,NA,3
5/18/2016,EK,55,FR,GB,15,10,R,1,15,NA,3
5/18/2016,EK,55,FR,GB,17,0,R,1,14,NA,3
5/18/2016,EK,214,FR,GB,NA,NA,NA,NA,NA,NA,NA
5/19/2016,EK,210,FR,FL,22,0,O,1,19,8,5
5/19/2016,EK,210,FR,FL,22,0,R,1,16,NA,4
5/19/2016,EK,202,FR,FH,65,0,A,2,65,6,5
5/19/2016,EK,202,FR,FH,43,0,O,1,43,4,5
5/19/2016,EK,202,FR,FH,12,0,R,1,12,NA,3
6/11/2016,SN,400,FR,FU,NA,NA,NA,NA,NA,NA,NA
6/11/2016,SN,404,FR,GU,NA,NA,NA,NA,NA,NA,NA
6/11/2016,SN,407,FR,GU,NA,NA,NA,NA,NA,NA,NA
6/13/2016,SN,410,FR,FU,24,0,R,1,24,NA,4
6/13/2016,SN,410,FR,FU,11,0,R,1,11,NA,4
6/13/2016,SN,410,FR,FU,70,0,R,1,15,NA,3
6/13/2016,SN,410,FR,FU,25,0,R,1,14,NA,4
6/14/2016,SN,409,FR,FH,11,0,S,1,10,5,4
6/14/2016,SN,409,FR,FH,19,0,S,1,18,4,5
6/14/2016,SN,409,FR,FH,58,0,R,1,28,NA,3
6/14/2016,SN,413,FR,FM,20,0,R,1,20,NA,4
6/14/2016,SN,413,FR,FM,43,0,A,2,46,12,3
6/14/2016,SN,413,FR,FM,14,0,S,1,13,4,4
6/14/2016,SN,413,FR,FM,31,0,R,1,28,NA,3
6/14/2016,SN,413,FR,FM,35,0,R,1,23,NA,2
6/14/2016,SN,412,FR,FL,50,0,R,1,50,NA,3
6/14/2016,SN,411,FR,FH,20,0,S,1,20,2,5
6/14/2016,SN,411,FR,FH,18,0,A,2,12,4,5
6/14/2016,SN,411,FR,FH,150,0,S,1,19,10,5
6/14/2016,SN,411,FR,FH,13,0,S,1,12,3,4
6/14/2016,SN,411,FR,FH,14,0,R,1,13,NA,4
6/14/2016,SN,408,FR,FH,35,0,S,1,27,4,4
6/14/2016,SN,408,FR,FH,25,0,S,1,18,4,5
6/14/2016,SN,408,FR,FH,740,0,R,1,15,NA,3
6/14/2016,SN,408,FR,FH,20,0,R,1,12,NA,3
6/14/2016,SN,408,FR,FH,12,0,R,1,10,NA,3
6/14/2016,SN,408,FR,FH,15,0,S,1,15,3,4
6/14/2016,SN,408,FR,FH,50,0,R,1,20,NA,4
6/14/2016,SN,420,FR,GB,NA,NA,NA,NA,NA,NA,NA
6/14/2016,SN,416,FR,GB,NA,NA,NA,NA,NA,NA,NA
6/15/2016,SN,217,FR,FH,11,0,S,1,10,5,5
6/15/2016,SN,217,FR,FH,18,0,R,1,18,NA,4
6/15/2016,SN,217,FR,FH,115,0,A,2,25,7,4
6/15/2016,SN,217,FR,FH,48,0,S,1,10,5,4
6/15/2016,SN,217,FR,FH,67,0,A,4,67,20,4
6/15/2016,EK,415,FR,GB,NA,NA,NA,NA,NA,NA,NA
6/2016/2016,SN,419,FR,FM,42,0,S,1,33,3,5
6/2016/2016,SN,419,FR,FM,17,0,S,1,13,5,5
6/2016/2016,SN,419,FR,FM,56,0,R,1,28,NA,4
6/2016/2016,SN,419,FR,FM,21,0,S,1,17,6,4
6/2016/2016,SN,419,FR,FM,26,0,S,1,25,7,5
6/2016/2016,SN,419,FR,FM,30,0,S,1,30,5,5
6/2016/2016,SN,419,FR,FM,15,0,S,1,14,10,4
6/2016/2016,SN,419,FR,FM,30,0,O,1,25,2,5
6/2016/2016,SN,419,FR,FM,12,0,S,1,10,3,5
6/2016/2016,SN,417R,FR,FL,18,0,S,1,13,3,5
6/2016/2016,SN,418,FR,FM,21,0,R,1,13,NA,4
6/2016/2016,SN,418,FR,FM,30,0,S,1,18,4,5
6/2016/2016,SN,219,FR,FL,30,0,O,1,25,2,5
6/2016/2016,SN,421,FR,GB,NA,NA,NA,NA,NA,NA,NA
6/17/2016,SN,422,FR,FL,10,0,O,1,10,3,5
6/17/2016,SN,422,FR,FL,25,0,R,1,25,NA,3
6/17/2016,SN,422,FR,FL,30,0,R,1,22,NA,4
6/17/2016,SN,422,FR,FL,16,0,R,1,11,NA,3
6/17/2016,SN,422,FR,FL,12,0,R,1,11,NA,3
6/17/2016,SN,414,FR,FM,10,0,R,1,10,NA,3
6/17/2016,SN,414,FR,FM,48,0,R,1,33,NA,3
5/19/2016,EK,202,FR,FH,11,0,R,1,11,NA,3
5/19/2016,EK,202,FR,FH,11,0,S,1,11,5,4
5/19/2016,EK,202,FR,FH,24,0,R,1,24,NA,3
5/19/2016,EK,202,FR,FH,18,0,O,1,15,9,4
5/19/2016,EK,202,FR,FH,37,0,S,1,35,5,5
5/19/2016,EK,207,FR,FL,55,0,O,1,27,3,5
5/19/2016,EK,207,FR,FL,80,0,O,1,33,4,5
5/19/2016,EK,207,FR,FL,37,0,A,3,28,13,3
5/19/2016,EK,207,FR,FL,30,70,R,1,28,NA,3
5/19/2016,EK,63,FR,FM,15,0,O,1,12,4,5
5/19/2016,EK,63,FR,FM,50,0,R,1,30,NA,4
5/19/2016,EK,63,FR,FM,80,0,A,2,80,6,5
5/19/2016,EK,38,FR,FH,25,0,S,1,23,7,4
5/19/2016,EK,38,FR,FH,23,0,S,1,13,4,5
5/19/2016,EK,38,FR,FH,15,0,R,1,10,NA,3
5/19/2016,EK,38,FR,FH,70,0,O,1,13,7,5
5/19/2016,EK,43,FR,FL,35,0,R,1,25,NA,2
5/19/2016,EK,43,FR,FL,37,0,R,1,35,NA,1
5/19/2016,EK,43,FR,FL,50,0,R,1,32,NA,1
5/19/2016,EK,43,FR,FL,60,0,R,1,30,NA,1
5/19/2016,SN,200,FR,FH,30,0,S,1,26,10,4
5/19/2016,SN,200,FR,FH,40,40,R,1,33,NA,3
5/19/2016,SN,200,FR,FH,40,0,S,1,32,6,5
5/19/2016,SN,200,FR,FH,76,0,A,2,30,15,3
5/19/2016,SN,200,FR,FH,30,0,S,1,30,8,5
5/19/2016,EK,65,FR,FM,30,0,A,2,23,4,5
5/19/2016,EK,65,FR,FM,30,0,R,1,26,NA,3
5/19/2016,EK,65,FR,FM,50,0,S,1,14,5,4
5/19/2016,EK,65,FR,FM,95,0,S,1,25,5,5
5/19/2016,SN,65,FR,FM,19,0,O,1,19,3,5
5/19/2016,SN,65,FR,FM,11,0,S,1,10,4,5
5/19/2016,EK,42,FR,FH,60,0,O,1,50,13,4
5/19/2016,EK,42,FR,FH,10,0,R,1,10,NA,3
5/19/2016,EK,42,FR,FH,160,0,A,3,160,15,5
5/19/2016,EK,42,FR,FH,55,0,S,1,45,10,4
5/19/2016,EK,42,FR,FH,21,0,R,1,15,NA,3
5/19/2016,EK,42,FR,FH,12,0,R,1,10,NA,4
5/19/2016,EK,42,FR,FH,15,0,O,1,11,5,5
5/20/2016,EK,201,FR,FH,30,0,O,1,30,4,5
5/20/2016,EK,201,FR,FH,14,0,R,1,14,NA,3
5/20/2016,EK,201,FR,FH,12,0,R,1,10,NA,3
5/20/2016,EK,201,FR,FH,23,0,S,1,35,12,4
5/20/2016,EK,201,FR,FH,30,0,S,1,22,3,5
5/20/2016,SN,204,FR,FM,55,0,S,1,50,3,5
5/20/2016,SN,204,FR,FM,80,0,R,1,37,NA,3
5/20/2016,EK,57,FR,GB,NA,NA,NA,NA,NA,NA,NA
5/20/2016,EN,301,FR,FU,80,0,R,1,27,NA,2
5/20/2016,EN,300,FR,FU,21,0,R,1,12,NA,2
5/20/2016,EN,300,FR,FU,14,0,R,1,11,NA,3
5/20/2016,EN,302,FR,FU,80,0,R,1,48,NA,3
5/23/2016,EK,305,FR,GU,NA,NA,NA,NA,NA,NA,NA
5/23/2016,EK,304,FR,GU,NA,NA,NA,NA,NA,NA,NA
5/23/2016,EK,306,FR,GU,NA,NA,NA,NA,NA,NA,NA
6/8/2016,SN,402,FR,FU,NA,NA,NA,NA,NA,NA,NA
6/8/2016,SN,406,FR,GU,NA,NA,NA,NA,NA,NA,NA
6/8/2016,SN,307,FR,GU,NA,NA,NA,NA,NA,NA,NA
6/8/2016,SN,424,FR,GU,NA,NA,NA,NA,NA,NA,NA
6/8/2016,SN,405,FR,GU,NA,NA,NA,NA,NA,NA,NA
6/9/2016,SN,401,FR,FU,NA,NA,NA,NA,NA,NA,NA
6/9/2016,SN,303,FR,FU,22,0,R,1,16,NA,1
6/9/2016,SN,403,FR,FM,NA,NA,NA,NA,NA,NA,NA
6/17/2016,SN,216,FR,FM,24,0,R,1,18,NA,4
6/17/2016,SN,216,FR,FM,13,0,R,1,12,NA,4
6/17/2016,SN,216,FR,FM,35,0,S,1,16,2,5
6/17/2016,SN,423,FR,FL,NA,NA,NA,NA,NA,NA,NA
6/17/2016,SN,218,FR,GB,NA,NA,NA,NA,NA,NA,NA
