year,site,treatment,ACLE,ACMI,AGAU,AGEX,AGGL,AGOX,AGSC,AGST,ALAE,ALGE,ANPA,ANROSE,ANROSU,ANSE,APIX,ARCA,ARDRA,ARFE,ARFR,ARLU,ARTX,BLTR,BOGR,BRAN,BRAX,BRIN,BROX,BRPO,BRYX,CAAQ,CAASC,CACA,CADO,CADU,CAMI,CAOB,CAPA,CAPEL,CAPET,CAPR,CARO,CASC,CASIM,CAST,CAUT,CAWO,CAXX,CAXX1,CAXX2,CEAR,CEBR,CEFO,CHSE,CIMA,CIPA,COSC,CRRU,DAFL,DAPA,DASP,DECA,DRYX,ELAC,ELAL,ELEL,ELPAL,ELTR,ELTRSU,ELTRTR,ELYX,EPCI,EQAR,EQLA,ERCA,ERFL,ERFO,ERSP,FEAR,FEID,FETH,FRVE,FUN,GABO,GAME,GEAM,GETR,GLGR,GLST,GNEX,HEVI,HIOD,HOBR,HYSC,IRMI,JUBA,JULO,JUNX,JUSA,KOMA,LALA,LEMI,LEPX,LEVI,LIC,LOAR,MAGL,MARX,MEAR,MIGL,MOFI,MUMI,MUMO,MURI,MUWR,OEFL,ORLU,OXVI,PASM,PERY,PHAL,PHPR,PLMA,POAM,POAN,POAV,POCO,PODI,PODO,POER,POFE,POHI,PONA,PONE,POOC,POPA,POPE,POPR,POPU,POTX,PRVU,PSMO,RACA,RACY,RAIN,RAMA,RANX,RONA,RORX,ROSI,ROSP,RUAC,SARH,SCPR,SEER,SELX,SICA,SISC,SOSI,SPAN,STCA,STEX,STLO,SYAS,TAOF,THFE,THIN,THMO,TOPA,TRLO,TRPR,TRRE,VECA,VEPE,VERX,VIAD,VIAMA,VIAMM
2002,RS1C1,C,0,18,0,0,0,0,4,0,0,2,0,0,0,0,0,0,0,0,0,0,0,2,0,0,0,0,0,0,0,0,0,0,0,0,0,0,3,1,0,0,0,3,0,1,2,0,27,0,0,6,0,0,0,0,0,0,0,0,0,0,16,0,1,0,0,1,0,0,7,0,0,0,0,0,0,0,0,0,7,0,0,0,0,0,0,0,3,1,0,0,1,2,0,0,13,0,0,0,6,0,0,0,0,0,0,0,0,0,0,0,0,0,2,2,0,0,0,0,0,0,12,0,0,6,2,0,0,0,0,0,0,0,0,0,4,0,53,0,0,0,1,0,0,0,0,0,1,0,0,0,3,0,0,0,0,0,0,0,0,0,0,0,4,15,0,0,0,0,1,0,9,0,0,0,0,0,0
2002,RS1C2,C,0,24,0,0,1,0,3,0,0,5,0,0,0,0,0,0,0,0,0,0,0,2,0,0,0,0,0,0,0,0,0,0,0,0,0,0,1,0,0,0,1,0,0,0,0,0,43,0,0,4,0,0,0,0,0,0,0,0,0,1,13,0,0,0,0,4,0,0,3,0,0,0,0,0,0,0,0,0,3,0,0,0,0,0,0,0,0,0,0,0,7,2,0,0,4,0,0,0,3,0,0,0,0,0,0,0,0,0,0,0,0,0,2,0,0,0,0,0,0,2,10,1,0,5,0,0,0,0,0,0,4,0,0,0,0,0,22,3,0,0,0,1,0,0,0,0,1,0,0,0,1,0,0,0,0,0,0,0,0,0,0,0,4,13,0,0,0,0,2,0,4,0,0,0,0,0,0
2002,RS2C,C,0,21,0,0,2,0,0,0,0,1,0,3,0,0,0,0,0,4,0,1,0,13,0,0,0,0,0,0,0,0,0,0,0,0,0,0,0,3,0,0,0,2,0,2,7,0,13,0,0,1,0,0,0,0,0,0,0,0,0,0,11,0,0,0,0,1,0,0,4,0,0,0,0,0,2,4,0,1,7,0,0,0,0,0,0,0,0,0,0,0,3,2,0,1,19,0,0,0,5,0,0,0,0,0,0,0,0,0,0,0,0,1,5,2,0,0,0,0,1,0,4,1,0,3,0,0,0,0,0,1,4,0,0,0,4,0,36,0,0,0,0,3,0,0,0,0,0,0,0,0,0,0,0,0,0,0,0,0,0,0,0,0,5,7,0,0,0,0,1,0,3,0,0,0,0,0,0
2002,RS3C,C,1,7,0,0,0,0,1,0,0,0,0,0,0,0,0,0,0,0,0,0,0,0,0,0,0,0,0,0,0,0,0,0,0,0,0,0,0,6,0,1,0,1,0,1,4,0,14,0,0,0,0,0,0,0,0,0,0,0,7,0,6,0,0,0,0,1,0,4,11,0,0,0,0,0,1,2,0,0,17,0,0,0,0,0,0,0,0,0,1,0,1,2,0,8,21,1,0,0,2,0,0,0,0,0,0,0,0,0,0,0,0,0,1,1,0,0,0,0,0,0,24,0,0,3,0,0,0,0,0,0,1,0,0,0,6,0,60,1,0,0,0,1,0,0,0,0,0,0,0,0,1,0,0,0,0,0,0,0,0,0,0,0,7,29,0,0,0,0,0,0,1,0,0,0,0,0,0
2002,RS4C,C,0,12,0,0,0,0,2,0,0,0,0,0,0,3,0,0,0,0,0,0,0,12,0,0,0,0,0,0,0,0,0,0,0,0,0,0,1,10,0,0,1,0,0,0,2,0,10,0,0,0,0,0,0,0,0,0,0,0,0,0,5,0,0,0,0,1,0,0,2,0,1,0,0,0,4,6,0,0,3,0,0,0,0,0,0,0,0,0,0,0,1,2,0,0,11,0,0,0,3,0,0,0,0,0,0,0,0,0,0,0,0,3,2,2,0,0,0,3,0,0,0,0,0,3,0,0,0,0,0,0,2,0,0,0,0,0,44,0,0,0,0,1,0,0,0,0,0,0,0,0,0,0,0,0,0,0,0,0,0,0,0,0,5,4,0,0,0,0,1,0,2,0,0,0,0,0,0
2002,RS5C,C,0,2,0,0,0,0,3,0,0,0,0,0,1,1,0,0,0,2,3,1,0,4,5,0,0,0,0,0,2,0,0,0,0,0,0,0,1,11,0,1,0,0,0,1,2,0,14,0,0,0,0,0,0,0,0,0,0,1,0,0,4,0,0,0,1,2,0,1,1,0,1,0,0,0,4,1,0,1,4,0,0,0,0,0,0,0,0,0,0,0,1,0,0,1,20,0,0,0,4,0,0,0,0,0,0,0,0,0,0,0,0,19,9,1,0,0,0,1,0,0,0,0,0,6,0,0,0,0,0,1,12,0,0,0,0,0,5,0,0,0,0,4,0,0,0,0,0,0,0,0,0,0,0,0,0,0,0,0,0,0,0,0,3,3,0,0,0,1,1,0,1,0,0,0,0,0,0
2002,RS6C,C,0,2,0,0,0,0,1,0,0,0,0,0,0,0,0,0,0,0,0,0,0,4,0,0,0,0,0,0,0,20,0,0,0,0,0,5,0,17,0,7,0,2,0,1,5,0,3,0,0,1,0,0,0,0,0,0,0,1,0,0,2,0,0,0,0,0,0,1,1,0,0,0,0,0,7,3,0,3,2,0,0,0,0,0,0,0,0,0,0,0,0,0,0,1,16,0,0,0,3,0,1,0,0,0,0,0,0,0,0,0,0,7,3,3,0,0,0,0,0,0,3,0,0,2,0,0,0,0,0,1,3,0,0,0,0,0,45,0,0,0,0,2,0,0,0,0,0,0,0,0,0,0,0,0,0,0,0,0,0,0,0,0,8,6,0,2,0,1,2,0,1,0,0,0,0,0,0
2002,RS7C,C,0,14,0,0,2,0,1,0,1,4,0,0,0,0,0,0,0,0,0,0,0,7,0,0,0,0,0,0,0,8,0,0,0,0,0,0,0,0,0,0,0,1,0,0,8,0,34,1,0,5,0,0,0,0,0,0,0,0,0,0,7,0,0,0,0,1,0,0,4,0,0,0,0,0,4,1,0,0,2,0,0,0,1,0,0,0,0,0,0,0,0,2,0,0,13,0,0,0,5,0,0,0,0,0,0,0,0,1,0,0,0,0,3,2,0,0,0,0,7,0,0,0,0,4,0,0,0,0,0,0,4,0,0,0,1,0,19,0,0,0,0,0,0,0,0,0,0,0,0,0,0,0,0,0,0,0,0,0,1,0,0,0,4,6,0,0,0,0,1,0,1,0,0,0,0,0,0
2002,RS8C,C,0,2,0,0,1,0,1,0,0,5,0,0,0,0,1,0,0,0,0,0,0,2,0,0,0,0,0,0,0,0,0,0,0,0,0,0,0,1,0,5,0,3,0,2,10,0,30,0,1,1,0,0,0,0,0,0,0,1,0,0,38,0,0,0,0,0,0,0,2,0,0,0,0,0,0,0,0,0,1,0,0,0,0,0,0,0,0,1,0,0,7,2,0,3,11,0,0,0,2,0,1,0,0,0,0,0,0,0,0,0,0,0,2,6,0,0,0,0,2,1,2,0,0,7,0,0,0,0,0,0,0,0,0,0,2,0,50,0,0,0,0,1,0,0,0,0,0,0,0,0,0,0,0,0,0,0,0,0,0,0,0,0,1,0,0,0,0,1,0,0,0,0,0,0,0,0,0
2002,RS1LE,LE,0,15,0,0,2,0,2,0,3,2,0,0,0,0,0,0,0,0,0,0,0,3,0,0,0,0,0,0,0,0,0,0,0,0,0,0,1,0,0,0,0,0,0,0,0,0,17,0,0,3,0,0,0,0,0,0,0,0,0,0,12,0,0,0,0,1,0,0,5,0,0,0,0,0,0,0,0,0,3,0,0,0,0,0,0,0,0,0,0,0,0,2,0,1,12,0,0,0,2,0,0,0,0,0,0,0,0,0,0,0,0,0,1,1,0,0,2,0,0,0,7,1,0,0,0,0,0,0,0,0,0,2,0,0,5,3,73,0,0,0,0,0,0,0,0,0,0,0,0,0,3,0,0,0,0,0,0,0,0,0,0,0,8,19,0,0,0,0,3,0,9,0,0,0,0,0,0
2002,RS2LE,LE,0,15,0,0,0,0,1,0,0,2,0,0,0,0,0,0,0,2,0,0,0,4,0,0,0,0,0,0,0,0,0,0,0,0,0,0,0,1,0,0,0,0,0,2,3,0,22,0,0,1,0,0,0,0,0,0,0,0,0,0,8,0,0,0,0,0,0,0,6,0,0,0,0,0,1,1,0,2,6,0,0,0,0,0,0,0,0,0,0,0,3,4,0,2,36,0,0,0,9,0,0,0,0,0,0,0,0,0,0,0,0,1,3,6,0,0,0,0,2,0,4,0,0,5,0,0,0,0,0,0,2,0,0,0,0,0,40,0,0,0,0,0,0,0,0,0,0,0,0,0,0,0,0,0,0,0,0,0,0,0,0,0,5,4,0,0,0,1,1,0,0,0,0,0,0,0,0
2002,RS3LE,LE,1,13,0,0,1,0,1,0,0,0,0,0,0,1,0,0,0,0,0,0,0,0,0,1,0,0,0,0,0,0,0,0,0,0,0,0,0,2,0,1,0,1,0,0,1,0,25,0,0,0,0,0,0,0,0,0,0,0,1,2,6,0,0,0,0,1,0,3,4,0,0,0,0,0,0,2,0,0,15,0,0,0,0,0,0,0,0,0,0,0,0,2,0,13,27,0,0,0,3,0,0,0,0,0,0,0,0,0,0,0,0,0,1,8,0,0,0,0,0,0,21,0,0,0,0,0,0,0,0,0,1,0,0,0,8,0,69,0,0,0,0,2,0,0,0,0,0,0,0,0,0,0,0,0,0,0,0,0,0,0,0,0,4,15,0,0,0,2,0,0,4,0,0,0,0,0,0
2002,RS4LE,LE,0,9,0,0,0,0,1,0,0,0,0,0,0,0,0,0,0,0,0,0,0,10,0,0,0,0,0,0,0,0,0,0,0,0,0,0,0,5,0,0,0,1,0,1,5,0,12,0,0,0,0,0,0,0,0,0,0,0,0,0,2,0,0,0,0,7,0,0,1,0,0,0,1,0,9,13,0,2,4,0,0,0,0,0,0,0,0,0,0,0,1,0,0,1,13,0,0,0,2,0,0,0,0,1,0,0,0,0,0,0,0,7,4,1,0,0,0,6,0,0,0,0,0,2,0,1,0,0,0,0,3,0,0,0,0,0,46,0,0,0,0,1,0,0,0,0,1,0,0,0,0,0,0,0,0,0,0,0,0,0,0,0,10,4,0,0,0,0,0,0,2,0,0,0,0,0,0
2002,RS5LE,LE,0,5,0,0,0,0,1,0,1,0,0,0,0,2,0,0,0,0,0,0,0,5,0,0,0,0,0,0,0,0,0,0,0,0,0,0,0,12,0,0,0,2,0,0,2,0,15,0,0,2,0,0,1,0,0,1,0,0,0,0,2,0,0,0,0,1,0,0,3,0,0,0,0,0,2,0,0,2,2,0,0,0,0,0,0,0,0,0,0,0,0,0,0,1,19,0,0,0,4,2,0,0,0,0,0,0,0,1,0,0,0,4,19,0,0,0,0,1,0,0,2,0,0,3,0,0,0,0,0,0,3,0,0,2,0,0,20,0,0,0,0,3,0,0,0,0,0,0,0,0,0,0,0,0,0,0,0,0,0,0,0,0,8,2,0,0,0,1,0,0,1,0,0,0,2,0,0
2002,RS6LE,LE,0,5,0,0,0,0,0,0,0,0,0,0,0,0,0,0,0,0,0,0,0,0,0,0,0,0,0,0,0,27,0,0,0,0,0,0,0,9,0,3,0,0,0,3,12,0,0,0,0,1,0,0,0,0,0,0,0,0,0,0,3,0,0,0,0,0,0,0,1,0,0,0,0,0,1,0,0,0,0,0,0,0,0,0,0,0,0,0,0,0,4,0,0,0,11,0,0,0,0,0,0,0,0,0,0,0,0,0,0,0,0,0,0,0,0,0,0,0,0,0,3,0,0,4,0,0,0,0,0,0,0,0,0,0,1,0,69,0,0,2,0,1,0,0,0,0,0,0,0,0,0,0,0,0,0,0,0,0,0,0,0,0,6,5,0,1,0,1,0,0,2,0,0,0,0,0,0
2002,RS1UE,UE,0,23,0,0,1,0,5,0,1,0,0,0,0,0,0,0,0,0,0,0,0,0,0,0,0,0,0,0,0,0,0,0,0,0,0,0,1,1,0,0,0,3,0,0,7,0,16,0,0,1,0,0,0,0,0,0,0,0,0,0,12,0,0,0,0,0,0,0,2,0,0,0,0,0,0,0,0,0,7,0,0,0,0,0,0,0,0,0,0,0,0,4,0,0,13,0,0,0,4,0,0,0,0,0,0,0,0,0,0,0,0,0,3,1,0,0,0,0,0,0,2,1,0,4,0,0,1,0,0,0,1,0,0,0,1,0,45,1,0,0,0,0,0,0,0,0,0,0,0,0,0,0,0,0,0,0,0,0,0,0,0,0,7,19,0,0,0,0,2,0,4,0,0,0,0,0,0
2002,RS2UE,UE,0,11,0,0,2,0,0,0,0,1,0,0,1,0,0,0,0,2,0,0,0,16,0,0,0,0,0,4,0,0,0,0,0,0,0,0,0,0,0,0,0,0,0,0,5,0,17,0,0,1,0,0,0,0,0,0,0,0,0,0,6,0,0,0,0,0,0,0,6,0,0,0,0,0,4,3,0,3,4,0,0,0,0,0,0,0,0,0,0,0,1,0,0,3,18,0,0,0,3,0,0,0,0,0,0,0,0,0,0,0,0,6,2,10,0,0,0,0,2,0,2,1,0,2,0,0,0,0,0,0,5,0,0,0,0,0,24,0,0,0,0,0,0,0,0,0,0,0,0,0,0,0,0,0,0,0,0,0,0,0,0,0,7,2,0,0,0,1,0,0,0,0,0,0,0,0,0
2002,RS3UE,UE,2,7,0,0,0,0,1,0,0,0,0,0,0,5,0,0,0,0,0,0,0,0,0,0,1,0,0,2,0,0,0,0,0,0,3,0,0,3,0,0,0,0,0,1,2,0,23,0,0,0,0,0,0,0,0,0,0,0,7,0,3,0,0,0,0,0,0,1,6,0,0,0,0,0,1,0,0,5,4,5,0,0,0,0,0,0,0,0,0,0,3,3,0,13,18,1,0,0,5,0,0,1,0,0,0,0,0,0,0,0,0,0,6,2,0,0,0,0,0,0,16,1,0,0,0,0,0,0,0,0,1,0,0,0,3,0,47,0,0,0,0,0,0,0,0,0,0,0,0,0,2,0,0,0,0,0,0,0,0,0,0,0,4,30,0,0,0,2,0,0,2,0,0,0,0,0,0
2002,RS4UE,UE,2,7,0,0,0,0,1,2,1,1,0,0,0,1,0,4,0,0,0,0,0,5,0,0,0,0,0,0,0,0,0,0,0,0,0,0,0,5,0,0,0,0,0,0,6,0,9,0,0,1,0,0,0,0,0,0,0,0,0,0,2,0,1,0,0,5,0,0,4,0,3,0,0,0,4,2,0,3,1,0,0,0,0,0,0,0,0,1,0,0,0,1,0,0,14,1,0,0,4,0,0,0,0,1,0,0,0,0,0,0,0,4,8,0,0,0,0,8,0,0,0,0,0,2,0,0,0,0,0,0,4,0,0,0,0,0,17,0,0,0,0,5,0,0,0,2,0,0,0,0,1,0,0,0,0,0,0,0,0,0,0,0,8,3,0,0,0,2,0,0,0,0,0,0,0,0,0
2002,RS5UE,UE,0,7,0,0,0,2,0,0,0,1,0,0,0,1,0,0,0,0,0,0,1,6,0,0,0,0,0,0,0,0,0,0,0,0,0,0,1,15,0,0,0,0,0,4,3,0,25,0,0,0,0,0,0,0,0,0,0,0,0,0,7,0,0,0,0,0,2,0,0,0,0,0,0,0,3,7,0,3,2,0,0,0,0,0,0,0,0,0,0,0,0,0,0,3,18,0,0,0,2,0,0,0,0,0,0,0,0,0,0,0,0,3,4,0,0,0,0,0,0,1,2,0,0,9,0,5,0,1,0,0,2,0,0,2,1,0,26,0,0,0,0,1,0,0,0,0,0,0,0,0,0,0,0,0,0,0,0,0,0,0,0,0,5,1,0,0,0,0,1,0,1,0,0,0,0,0,0
2003,RS16C,C,0,21,1,0,0,0,2,0,0,2,0,0,0,1,0,0,0,0,0,0,0,2,0,0,0,0,0,0,0,0,0,0,0,0,0,0,0,0,0,0,0,0,0,3,0,0,21,0,0,1,0,0,0,0,0,0,0,0,0,0,22,0,0,0,0,2,0,0,4,0,1,0,0,0,0,9,0,1,11,0,0,0,2,0,0,0,0,3,0,0,1,5,0,0,22,0,0,0,7,0,0,0,0,0,0,0,0,2,0,0,0,0,2,0,0,1,0,0,0,1,3,0,0,9,0,0,1,0,0,0,2,0,0,0,0,0,27,0,0,0,0,1,0,0,0,0,0,0,0,0,0,0,0,0,0,0,0,0,0,0,2,0,4,10,0,0,0,1,0,0,2,0,0,0,0,0,0
2003,RS17C,C,0,7,0,0,1,0,4,1,0,2,0,0,0,0,0,0,0,0,0,0,0,2,0,0,1,0,0,0,0,0,0,0,0,0,0,0,0,0,0,0,1,0,0,2,0,0,54,0,0,1,0,1,0,0,0,0,0,0,0,6,37,0,0,0,0,0,0,1,4,0,0,0,0,0,0,3,0,1,6,0,0,0,3,0,0,0,0,2,0,0,2,5,0,0,17,0,0,0,4,0,0,0,0,0,0,0,0,0,0,0,0,0,0,0,0,0,0,0,0,0,2,0,0,2,0,0,0,0,0,0,4,0,0,0,2,0,22,0,0,0,0,0,0,0,0,0,0,0,0,0,0,0,0,0,0,0,0,0,0,0,0,0,3,2,0,0,0,1,0,0,3,0,0,0,0,0,0
2003,RS18C,C,0,4,0,0,2,0,4,0,0,0,0,0,0,0,0,0,0,0,0,0,0,0,0,0,0,0,0,0,0,2,0,0,0,0,0,0,0,1,0,4,1,0,0,1,6,0,30,0,0,0,0,0,0,0,0,0,0,0,2,3,15,0,0,0,0,0,0,4,0,0,0,0,0,0,1,3,0,2,2,4,0,0,0,0,0,0,0,0,0,0,2,0,0,2,6,0,0,0,7,0,0,0,0,0,0,0,0,0,0,0,0,1,1,0,0,0,0,0,2,0,0,0,0,1,0,0,0,0,0,0,1,0,0,0,0,0,33,0,0,0,0,1,0,0,0,0,0,0,0,0,0,0,0,0,0,0,0,0,0,0,0,0,2,2,0,0,0,1,0,0,3,0,0,0,0,0,0
2003,RS1C1,C,0,22,0,0,0,0,2,0,0,0,0,0,0,0,0,0,0,0,0,0,0,1,0,0,0,0,0,0,0,8,0,0,0,0,0,0,0,5,0,2,0,1,0,1,6,0,0,0,0,5,0,0,0,0,0,0,0,0,0,0,9,0,2,0,0,2,0,0,4,0,0,0,0,0,0,2,0,0,7,0,0,0,0,0,0,0,0,0,0,0,1,2,0,1,12,0,0,0,3,0,0,0,0,0,0,0,0,0,0,0,0,0,2,3,0,0,0,0,0,0,14,0,0,1,0,0,0,0,0,0,0,0,0,0,0,0,55,0,0,0,0,0,0,0,0,0,0,0,1,0,4,0,0,0,0,0,0,0,1,0,0,0,5,7,0,0,0,0,0,0,4,0,0,0,0,0,0
2003,RS1C2,C,0,15,0,0,0,0,1,0,0,0,0,0,0,1,0,0,0,0,0,0,0,0,0,1,0,0,0,0,0,8,0,0,0,0,0,0,0,8,0,2,0,4,0,1,8,0,0,0,0,5,0,0,0,0,0,0,0,0,0,0,3,0,0,0,0,3,0,0,2,0,1,0,0,0,0,3,0,0,2,0,0,0,0,0,0,0,0,1,0,0,4,0,0,0,7,0,0,0,2,0,0,0,0,0,0,0,0,0,0,0,0,0,0,0,0,0,0,0,0,0,8,0,0,3,0,0,0,0,0,0,0,0,0,0,1,0,42,0,0,0,0,0,0,0,0,0,0,0,1,0,2,0,0,0,0,0,0,0,1,0,0,0,4,7,0,0,0,0,0,0,2,0,0,0,0,0,0
2003,RS2C,C,0,21,0,0,1,0,1,0,0,1,0,3,0,1,0,0,0,6,0,0,0,10,0,0,0,0,0,0,0,3,0,0,0,2,0,0,1,5,0,3,0,1,0,0,4,0,1,0,0,2,0,0,0,0,0,0,0,0,0,0,6,0,0,0,0,0,0,0,9,0,0,0,0,0,3,5,0,0,4,0,0,0,0,0,0,0,0,0,0,0,0,3,0,0,11,0,0,0,7,0,0,0,0,0,0,0,0,0,0,0,0,2,3,3,0,0,0,0,1,0,11,0,0,1,0,0,0,0,0,0,7,0,0,0,0,0,14,0,0,0,0,3,0,0,0,0,0,0,0,0,0,0,0,0,0,0,0,0,0,0,0,0,6,6,0,0,0,1,0,0,4,0,0,0,0,0,0
2003,RS3C,C,2,12,0,0,0,0,0,0,0,0,0,0,0,0,0,0,0,0,0,0,0,0,0,0,0,0,0,0,0,2,0,0,1,0,0,0,0,3,0,4,0,2,0,1,2,0,0,0,0,0,0,0,0,0,0,0,0,0,4,0,4,0,0,0,0,0,0,1,6,0,0,0,0,0,0,5,0,1,11,0,0,0,0,0,0,0,0,7,0,0,1,1,0,4,25,1,0,0,5,0,0,0,0,0,0,0,0,0,0,0,0,0,0,2,0,0,0,0,0,0,14,0,0,1,0,0,0,0,0,0,1,0,0,0,0,0,57,0,0,0,0,0,0,0,0,0,0,0,1,0,0,0,0,0,0,0,0,0,0,0,0,0,8,19,0,0,0,2,0,0,2,0,0,0,0,0,0
2003,RS4C,C,1,15,0,0,1,0,1,0,1,2,0,0,0,2,0,0,0,0,0,0,0,6,0,0,0,0,0,0,0,4,0,0,0,0,0,0,1,3,0,7,0,0,0,0,3,0,0,1,0,1,0,0,0,0,0,0,0,0,0,0,3,0,0,0,0,1,0,0,5,0,1,0,0,0,4,6,0,1,2,0,0,0,0,0,0,0,0,0,0,0,3,1,0,0,23,0,0,0,4,0,0,0,0,0,0,1,0,0,0,0,0,6,3,1,0,0,0,1,0,0,1,0,0,3,0,0,0,0,0,0,2,0,0,0,0,0,32,0,0,0,0,1,1,0,0,0,0,0,1,0,1,0,0,0,0,0,0,0,0,0,0,0,2,5,0,0,0,0,0,0,2,0,0,0,0,0,0
2003,RS5C,C,0,2,0,0,0,0,3,0,0,1,0,0,1,0,0,0,0,0,5,0,0,4,4,0,0,0,0,0,0,6,0,0,2,0,0,3,0,2,0,2,1,2,0,0,1,0,2,0,0,0,0,0,0,0,0,0,0,1,0,0,2,0,0,0,0,2,0,0,1,0,0,0,0,0,4,0,0,0,2,0,0,0,0,0,0,0,0,0,0,0,0,0,0,0,11,0,0,0,1,0,0,0,0,0,0,0,0,0,0,0,0,14,4,0,0,0,0,0,0,0,1,0,0,4,0,0,0,1,0,1,11,0,0,0,0,0,9,0,0,1,0,1,0,0,0,0,0,0,0,0,0,0,0,0,0,0,0,0,0,0,0,0,3,2,0,0,0,0,0,0,4,0,0,0,1,0,0
2003,RS6C,C,0,2,0,0,1,0,1,0,0,1,0,0,0,0,0,0,0,0,0,0,0,5,0,1,0,0,0,0,0,0,0,0,0,0,0,0,0,0,0,0,2,0,0,0,0,0,34,0,0,0,0,0,0,0,0,0,0,0,0,0,1,1,0,0,0,0,0,0,2,0,0,0,0,0,7,3,0,3,1,0,0,0,0,0,0,0,0,0,0,0,1,0,0,1,8,0,0,0,3,0,0,0,0,0,0,0,0,0,0,0,0,5,2,0,0,0,0,0,0,0,1,0,0,2,0,0,0,0,0,0,2,0,0,0,0,0,43,0,0,2,0,2,0,0,0,0,0,0,0,0,0,0,0,0,0,0,0,0,0,0,0,0,7,7,0,0,0,1,0,0,0,0,0,0,0,0,0
2003,RS7C,C,0,23,0,0,2,0,1,0,0,0,0,0,0,1,0,0,0,0,0,0,0,3,0,0,0,0,0,0,0,9,0,0,1,1,0,1,0,4,0,8,0,2,0,0,4,0,0,0,0,3,0,0,0,0,0,0,0,0,0,0,2,0,0,0,0,0,0,0,7,0,0,0,0,0,2,6,0,0,3,0,0,0,0,0,0,0,0,0,0,0,0,0,0,1,10,0,0,0,10,0,0,0,0,0,0,0,0,0,0,0,0,0,1,3,0,0,0,0,2,0,1,0,0,2,0,0,0,0,0,0,2,0,0,0,0,0,46,0,0,0,0,2,0,0,0,0,0,0,1,0,0,0,0,0,0,0,0,0,0,0,0,0,7,5,0,0,0,0,0,0,1,0,0,0,0,0,0
2003,RS8C,C,0,3,0,0,0,0,9,0,0,1,0,0,0,0,0,0,0,0,0,0,0,2,0,0,0,0,0,0,0,8,0,0,0,0,0,0,0,2,0,11,0,3,0,1,9,0,0,0,0,0,0,0,0,0,0,0,0,1,0,0,15,0,0,0,0,0,0,0,5,0,0,0,0,0,0,0,0,0,0,0,0,0,0,0,0,0,0,1,0,0,2,0,1,4,9,0,0,0,2,0,0,0,0,0,0,0,0,1,0,0,0,0,2,6,0,0,0,0,2,0,2,0,0,4,0,0,0,0,0,0,0,0,0,0,0,0,62,0,0,0,0,1,0,0,0,0,0,0,0,0,0,0,0,0,0,0,0,0,0,0,0,0,2,4,0,0,0,2,0,0,0,0,0,0,0,0,0
2003,RS1LE,LE,0,13,0,0,0,0,3,0,1,0,0,0,0,0,0,0,0,0,0,0,0,1,0,0,0,0,0,0,0,4,0,0,0,0,0,0,0,4,0,2,0,4,0,0,3,0,0,1,0,5,0,0,0,0,0,0,0,0,0,0,10,0,2,0,0,2,0,0,3,0,1,0,0,0,0,3,0,0,3,0,0,0,0,0,0,0,0,0,0,0,1,1,0,1,18,0,0,0,2,0,0,0,0,0,0,0,0,0,0,0,0,0,1,0,0,0,0,0,0,0,7,0,0,0,0,0,0,0,0,0,0,1,0,0,0,0,75,0,0,0,0,1,0,0,0,0,0,0,0,0,2,0,0,0,0,0,0,0,0,0,0,0,5,4,0,0,0,0,0,0,5,0,0,0,0,0,0
2003,RS2LE,LE,0,24,0,0,0,0,2,0,0,0,0,0,0,0,0,0,0,4,0,0,0,4,0,0,0,0,0,0,0,4,0,0,0,4,0,0,0,4,0,2,0,5,0,0,3,0,0,0,0,2,0,0,0,0,0,0,0,0,0,0,3,0,0,0,0,0,0,0,11,0,0,0,0,0,2,2,0,0,5,0,0,0,0,0,0,0,0,0,0,0,0,1,0,1,32,0,0,0,4,0,0,0,0,0,0,0,0,0,0,0,0,0,1,3,0,0,0,0,2,0,5,0,0,2,0,0,0,0,0,0,2,0,0,0,0,1,48,0,0,0,0,1,0,0,0,0,0,0,0,0,0,0,0,0,0,0,0,0,0,0,0,0,8,7,0,0,0,0,0,0,0,0,0,0,0,0,0
2003,RS3LE,LE,2,13,0,0,0,0,3,0,0,1,0,0,0,0,0,0,0,0,0,0,0,0,0,1,0,0,0,0,0,1,0,0,0,1,0,0,0,2,0,8,0,3,0,0,2,0,0,0,0,0,0,0,0,0,0,0,0,0,0,1,2,0,1,0,0,0,0,2,5,0,0,0,0,0,1,2,0,0,9,1,0,0,0,0,0,0,0,3,0,0,1,0,0,3,18,0,0,0,3,0,0,0,0,0,0,0,0,0,0,0,0,0,0,3,0,0,0,0,0,0,33,0,0,0,0,0,0,0,0,0,0,0,0,0,0,0,59,0,0,0,0,1,0,0,0,0,0,0,0,0,0,0,0,0,0,0,0,0,0,0,0,0,3,14,0,0,0,4,0,0,2,0,0,0,0,0,0
2003,RS4LE,LE,0,15,0,0,0,0,0,0,0,5,0,0,0,0,0,0,0,0,0,0,0,5,0,0,0,0,0,0,0,1,0,0,0,0,0,0,1,2,0,6,0,4,0,1,4,0,2,0,0,0,0,0,0,0,0,0,0,0,0,0,2,0,0,0,0,5,0,0,6,0,1,0,0,0,8,5,0,0,2,0,0,0,0,0,0,0,0,1,0,0,1,0,0,0,20,0,0,0,5,0,0,0,0,0,0,1,0,0,0,0,0,3,4,0,0,0,0,0,0,0,1,0,0,6,0,0,0,0,0,0,5,0,0,0,0,0,17,0,0,0,0,3,2,0,0,0,0,0,0,0,0,0,0,0,0,0,0,0,0,0,0,0,4,3,0,0,0,1,0,0,1,0,0,0,0,0,0
2003,RS5LE,LE,0,4,0,0,0,0,1,0,0,2,0,0,0,1,0,0,0,0,0,0,0,4,0,0,0,0,0,0,0,7,0,0,0,0,0,0,0,5,0,3,1,3,0,0,3,0,0,0,0,1,0,0,0,0,0,0,0,0,0,0,4,0,0,0,0,1,0,0,1,0,0,0,0,0,2,5,0,0,2,0,0,0,0,0,0,0,0,0,0,0,0,0,0,0,22,0,0,0,2,0,0,0,0,0,0,0,0,0,0,0,0,4,6,0,0,0,0,0,0,0,0,0,0,5,0,1,2,0,0,0,3,0,0,0,0,0,31,0,0,1,0,1,0,0,0,0,0,0,0,0,0,0,0,0,0,0,0,0,0,0,0,0,5,3,0,0,0,1,0,0,0,0,0,0,4,0,0
2003,RS6LE,LE,0,3,0,0,1,0,3,0,0,0,0,0,0,0,0,0,0,0,0,0,0,0,0,0,0,0,0,0,0,0,0,0,0,0,0,0,1,0,0,0,0,0,0,2,0,0,23,0,0,0,0,0,0,0,1,0,0,0,0,0,2,0,0,0,0,1,0,0,2,0,0,1,0,0,3,4,0,0,0,0,0,0,0,0,0,0,0,1,0,0,0,0,0,0,17,0,0,0,0,0,0,0,0,0,0,0,0,0,0,0,0,0,3,0,0,0,0,0,0,0,4,0,0,1,0,0,0,0,0,0,0,0,0,0,0,0,61,0,0,2,0,0,0,0,0,0,0,0,0,0,0,0,0,0,0,0,0,0,0,0,0,0,9,8,0,0,0,1,0,0,2,0,0,0,0,0,0
2003,RS1UE,UE,0,14,0,0,0,0,1,1,0,0,0,0,0,0,0,0,0,0,0,0,0,0,0,0,0,0,0,0,0,5,0,0,0,0,0,0,0,2,0,1,0,2,0,0,7,0,0,1,0,1,0,0,0,0,0,0,0,0,0,0,6,0,0,0,0,0,0,0,4,0,0,0,0,0,2,8,0,0,6,0,0,0,0,0,0,0,0,2,0,0,0,0,0,0,10,0,0,0,0,0,0,0,0,0,0,0,0,0,0,0,0,0,1,0,0,0,0,0,0,0,2,1,0,2,0,0,0,0,0,0,0,0,0,0,0,0,65,0,0,0,0,0,0,0,0,0,0,0,1,0,1,0,0,0,0,0,0,0,0,0,0,0,1,4,0,0,0,0,0,0,2,0,0,0,0,0,0
2003,RS2UE,UE,0,19,0,0,2,0,0,0,0,0,0,0,2,0,0,0,0,2,0,0,0,11,0,0,0,0,0,0,0,3,0,0,0,1,0,0,0,9,1,3,0,5,0,0,3,0,0,0,0,2,0,0,0,0,0,0,0,0,0,0,5,0,0,0,0,0,0,0,5,0,0,0,0,0,7,3,0,1,7,0,0,0,0,0,0,0,0,1,0,0,2,1,0,2,18,0,0,0,5,0,0,0,0,0,0,0,0,0,0,0,0,11,3,18,0,0,0,0,0,0,5,0,0,1,0,0,0,0,0,0,5,0,0,0,0,0,24,0,0,0,0,2,0,0,0,0,0,0,0,0,0,0,0,0,0,0,0,0,0,0,0,0,7,8,0,0,0,0,0,0,0,0,0,0,0,0,0
2003,RS3UE,UE,3,9,0,0,0,0,2,0,0,0,0,0,0,1,0,0,0,0,0,0,0,0,0,0,0,0,0,0,0,1,0,0,0,0,0,0,1,1,0,6,0,7,0,0,2,0,0,0,0,0,0,0,0,0,0,0,0,0,6,7,4,0,0,0,0,0,0,2,7,0,0,0,0,0,1,2,0,3,4,7,0,0,0,0,0,0,0,3,0,0,1,1,0,5,18,0,0,0,5,0,0,1,0,0,0,0,0,0,0,0,0,0,1,1,0,0,0,0,0,0,13,1,0,0,0,0,0,1,0,0,0,0,0,0,1,0,50,0,0,0,0,0,0,0,0,0,0,0,0,0,1,0,0,0,0,0,0,0,0,0,0,0,4,17,0,0,0,1,0,0,1,0,0,0,0,0,0
2003,RS4UE,UE,1,8,0,0,0,0,2,0,0,1,0,0,0,0,0,4,0,0,0,0,0,4,0,0,0,0,0,0,0,5,0,1,0,0,0,0,1,3,0,3,0,0,0,1,4,0,0,0,0,2,0,0,0,0,0,0,0,0,0,0,2,0,1,0,0,4,0,0,5,0,0,0,0,0,6,4,0,3,0,0,0,0,0,0,0,0,0,2,0,0,0,0,0,0,11,0,0,0,2,0,1,0,0,0,0,0,0,2,0,0,0,4,5,0,0,0,0,4,2,0,0,0,0,2,0,0,0,0,0,0,7,0,0,0,1,0,21,0,0,0,0,1,2,0,0,0,0,0,0,0,1,0,0,0,0,0,0,0,0,0,0,0,3,6,0,0,0,0,0,0,0,0,0,0,0,0,0
2003,RS5UE,UE,2,9,0,0,1,0,2,0,0,1,0,0,5,0,0,1,0,1,0,0,0,3,5,0,0,0,0,0,0,3,0,0,0,0,0,0,0,3,0,2,1,0,0,0,1,0,6,0,0,2,0,0,0,0,1,0,0,0,0,0,6,0,0,0,0,1,0,0,5,0,0,0,0,0,3,8,0,1,1,0,0,0,0,0,0,0,0,1,0,0,1,0,0,3,22,0,0,0,2,0,0,0,0,0,0,0,0,0,0,0,0,6,3,0,0,0,0,0,0,0,2,0,0,7,0,0,1,1,0,0,2,0,0,0,0,0,53,0,0,1,0,2,0,0,0,0,0,0,0,0,0,0,0,0,0,0,0,0,0,0,0,0,8,3,0,0,0,0,0,0,3,0,0,0,0,0,0
2003,RS6UE,UE,2,4,0,0,2,0,2,2,0,1,0,1,0,0,0,2,0,0,0,0,0,2,0,0,0,0,0,0,0,0,0,0,0,0,0,0,3,0,0,0,0,0,0,0,1,0,13,0,0,2,0,0,0,0,1,0,0,0,0,0,3,1,1,0,0,0,0,0,5,0,1,0,1,0,5,5,0,0,0,0,0,0,0,0,0,0,0,2,0,0,2,0,0,4,14,0,0,0,1,0,0,0,0,0,0,0,0,1,0,0,0,1,4,1,0,0,0,0,0,0,1,0,0,2,0,0,0,0,0,0,3,0,0,0,0,0,36,0,0,2,0,0,0,0,0,0,0,0,0,0,1,0,0,0,0,0,0,0,0,0,0,0,5,7,0,0,0,0,0,0,1,0,0,0,0,0,0
2004,RS16C,C,0,26,1,0,4,0,2,0,0,4,0,0,0,0,0,0,0,0,0,0,0,5,0,0,0,0,0,0,0,14,0,0,0,0,0,0,0,1,0,5,2,3,0,1,3,0,0,0,0,2,0,0,0,0,0,0,0,0,0,0,18,0,0,0,0,4,0,1,5,0,1,0,0,0,2,12,1,2,14,0,0,0,0,0,0,0,0,3,0,0,0,2,0,0,21,0,0,0,10,0,0,0,0,0,0,0,0,3,0,0,0,0,2,0,0,0,0,0,0,1,4,0,0,18,0,0,0,0,0,0,5,0,0,0,1,0,34,1,0,1,2,2,0,0,0,0,0,0,0,0,0,0,0,0,0,0,0,0,0,0,0,0,2,9,1,0,0,3,0,0,3,0,0,0,1,0,0
2004,RS17C,C,0,13,0,0,3,0,2,0,0,4,0,0,0,0,0,0,0,1,0,0,0,3,0,0,0,0,0,0,0,20,0,0,0,0,0,2,0,14,0,5,0,13,0,3,10,0,0,0,0,2,0,0,0,0,0,0,0,0,0,8,27,0,0,0,3,0,0,0,3,0,0,0,0,0,0,4,0,1,3,0,0,0,0,0,0,0,0,0,0,0,2,3,2,0,18,0,0,0,5,0,0,0,0,0,0,0,0,1,0,0,0,0,4,0,0,0,0,0,0,2,2,0,0,4,0,0,0,0,0,0,3,0,0,0,0,0,12,0,0,0,0,1,0,0,0,0,0,0,0,0,0,0,0,0,1,0,0,0,0,0,0,0,2,6,0,0,0,1,0,0,2,0,0,0,2,0,0
2004,RS18C,C,0,13,0,0,2,0,3,0,0,4,0,0,0,0,0,0,0,0,0,0,0,0,0,0,0,0,0,1,0,16,0,0,0,0,0,0,0,12,2,6,1,3,0,6,7,0,0,0,0,1,0,0,0,0,0,0,0,0,2,7,6,0,0,0,2,0,0,10,2,0,0,0,0,0,0,7,0,5,3,4,0,0,0,0,0,0,0,0,0,0,2,1,0,7,20,0,0,0,5,0,0,0,0,0,0,0,0,0,0,0,0,1,3,0,0,0,0,0,6,1,0,0,0,2,0,0,0,0,0,1,2,0,0,0,0,0,27,0,0,1,1,0,0,0,0,0,0,0,0,0,0,0,0,0,0,0,0,0,0,0,0,0,3,3,0,0,0,1,2,0,3,0,0,0,0,0,1
2004,RS1C1,C,0,24,0,0,0,0,2,0,1,0,0,0,0,0,0,0,0,0,0,0,0,0,0,1,0,0,0,0,0,11,0,0,0,0,0,0,0,5,0,5,0,1,0,1,4,0,0,0,0,5,0,0,0,0,0,0,0,0,0,0,9,0,1,0,0,3,0,0,5,0,2,0,0,0,0,6,0,0,4,0,0,0,0,0,0,0,0,1,1,0,1,3,0,0,10,0,0,0,2,0,0,0,0,0,0,0,0,0,0,0,0,1,0,3,0,0,0,0,1,0,16,1,0,2,0,0,0,0,0,0,0,0,0,0,0,0,49,0,0,0,0,0,0,0,0,0,0,0,0,0,3,0,0,0,0,0,0,0,0,0,0,0,2,6,0,0,0,0,0,0,5,0,0,0,0,0,0
2004,RS1C2,C,0,20,0,0,1,0,3,0,0,1,0,0,0,0,0,0,0,0,0,0,0,0,0,0,0,0,0,0,0,17,0,0,0,0,0,1,1,8,0,2,0,5,0,1,11,0,0,0,0,4,0,0,0,0,0,0,0,0,0,0,3,0,2,0,0,5,0,0,4,0,0,0,0,0,0,2,0,0,3,0,0,0,0,0,0,0,0,0,1,0,0,1,0,0,12,0,0,0,3,0,0,0,0,0,0,0,0,0,0,0,0,0,3,0,0,1,0,0,1,0,14,1,0,3,1,0,0,0,0,0,3,0,0,0,0,0,42,0,0,0,0,0,0,0,0,0,0,0,0,0,1,0,0,0,0,0,0,0,0,0,0,0,4,7,0,0,0,0,1,0,3,0,0,0,0,0,0
2004,RS2C,C,0,14,0,0,1,0,2,0,2,3,0,3,6,0,0,0,0,5,0,0,0,7,0,0,0,0,0,0,0,5,0,0,0,3,0,0,0,9,0,5,0,2,0,2,3,0,0,0,0,2,0,0,0,0,0,0,0,0,0,0,9,0,0,0,2,0,0,0,4,0,0,0,0,0,4,7,0,1,10,0,0,0,0,0,0,0,0,0,0,0,2,2,0,2,16,0,0,0,10,0,0,0,0,0,0,0,0,0,0,0,0,1,4,7,0,0,0,0,3,0,15,0,0,3,0,0,0,0,0,0,5,0,0,0,1,0,44,0,0,1,0,2,0,0,1,0,0,0,0,0,0,0,0,0,0,0,0,0,0,0,0,0,5,8,0,0,0,1,2,0,5,0,0,0,0,0,0
2004,RS3C,C,1,13,0,0,0,0,2,0,0,0,0,0,0,0,0,0,0,0,0,0,0,0,0,0,0,0,0,0,0,4,0,0,2,3,0,0,0,3,0,4,1,7,0,0,2,0,0,0,0,0,0,0,0,0,0,0,0,0,5,0,5,0,0,0,0,0,0,0,2,0,0,0,0,0,1,6,0,0,8,0,1,0,0,0,0,0,0,1,0,0,4,1,0,9,33,0,0,0,2,0,0,0,0,0,0,0,0,1,0,0,0,0,0,2,0,0,0,0,0,0,26,2,0,0,0,0,0,0,0,0,1,0,0,0,3,0,26,0,0,0,0,2,0,0,0,0,0,0,0,0,0,0,0,0,0,0,0,0,0,0,0,0,8,11,0,0,0,2,0,0,1,0,0,0,0,0,0
2004,RS4C,C,2,15,0,0,0,0,1,0,1,1,0,0,0,0,0,0,0,0,0,0,0,4,0,0,0,0,0,0,0,4,0,0,0,0,0,0,2,3,0,17,2,0,0,0,3,0,0,0,0,2,0,0,0,0,0,0,0,0,0,0,7,0,0,0,0,1,0,0,7,0,1,0,0,0,6,6,0,0,2,0,0,1,0,0,0,0,0,1,0,0,2,2,0,0,37,0,0,0,5,0,0,0,0,0,0,1,0,0,0,0,0,4,3,2,0,0,0,0,0,0,1,0,0,3,0,0,0,0,0,1,3,0,0,0,0,0,31,0,0,0,0,0,0,0,0,0,0,0,0,0,0,0,0,0,1,0,0,0,0,0,0,0,5,3,0,0,0,0,0,0,3,0,0,0,0,0,0
2004,RS5C,C,0,2,0,0,1,0,6,0,0,1,0,0,4,0,0,1,0,0,7,2,0,5,3,0,0,0,0,0,0,7,0,0,3,0,0,5,1,7,1,6,1,1,0,0,2,0,0,0,0,0,0,0,0,0,0,0,0,0,0,0,2,0,1,0,2,1,0,0,2,0,1,0,0,0,4,2,0,1,0,0,0,0,0,0,0,0,0,1,0,0,1,0,0,2,17,0,0,0,5,0,0,0,0,0,0,0,0,0,0,0,0,20,10,1,0,0,0,0,0,1,1,0,0,8,0,0,0,0,0,0,24,0,0,0,0,0,13,0,0,1,0,2,0,0,0,0,0,0,0,0,0,0,0,0,0,0,1,0,0,0,0,0,5,2,0,0,0,1,3,0,2,0,0,0,2,0,0
2004,RS6C,C,0,3,0,0,0,0,2,0,0,1,0,4,0,1,0,0,0,0,0,0,0,3,0,1,0,0,0,0,0,21,0,0,0,0,0,1,1,12,0,4,0,2,0,2,1,0,0,0,0,1,0,0,0,0,0,0,0,0,0,0,3,0,0,0,0,0,0,1,1,0,1,0,0,0,8,6,0,1,0,0,0,0,0,0,0,0,0,0,0,0,0,0,0,1,21,0,0,0,3,0,0,0,0,0,0,0,0,0,0,0,0,6,2,1,0,0,0,0,0,0,2,0,0,1,0,0,0,0,0,0,3,0,0,0,0,0,43,0,0,1,0,2,0,0,0,0,0,0,0,0,0,0,0,0,0,0,0,0,0,0,0,0,9,4,0,0,0,1,0,0,0,0,0,0,0,0,0
2004,RS7C,C,0,16,0,0,0,0,1,0,1,1,0,0,0,0,0,0,0,1,0,0,0,4,0,0,0,0,0,0,0,8,0,0,0,3,0,1,0,7,0,9,0,4,0,0,3,0,2,0,0,4,0,0,0,0,0,0,0,0,0,0,5,0,0,0,0,0,0,0,6,0,0,0,0,0,6,4,0,0,1,0,0,0,0,0,0,0,0,0,0,0,0,2,0,0,20,0,0,0,6,0,0,0,0,0,0,0,0,0,0,0,0,0,1,3,0,0,0,0,3,0,1,0,0,0,0,0,0,0,0,0,5,0,0,0,0,0,46,0,0,1,0,1,0,0,0,0,0,0,0,0,0,0,0,0,0,0,0,0,1,0,0,0,10,2,0,0,0,0,0,0,0,0,0,0,0,0,0
2004,RS8C,C,0,3,0,0,2,0,6,0,0,3,0,0,0,0,0,0,0,0,0,0,0,3,0,0,0,0,0,0,0,16,0,0,0,0,0,0,0,4,0,10,0,4,0,0,6,0,0,0,0,2,0,0,0,0,0,0,0,0,0,0,23,0,0,0,0,0,0,0,6,0,2,0,0,0,0,1,0,0,0,0,0,0,0,0,0,0,1,1,0,0,6,5,0,3,10,0,0,0,6,0,1,0,0,0,0,1,0,2,0,0,0,0,2,7,0,0,0,0,2,0,5,0,0,2,0,0,0,0,0,0,2,0,0,0,0,0,66,0,0,0,0,0,0,0,0,0,0,0,0,0,0,0,0,0,0,0,0,0,0,0,0,0,3,2,0,0,0,1,0,0,2,1,0,0,0,0,0
2004,RS1LE,LE,0,25,0,0,1,0,2,0,1,1,0,0,0,0,0,0,0,0,0,0,0,1,0,0,0,0,0,0,0,4,0,0,0,0,0,0,0,4,0,4,0,3,0,0,5,0,0,1,0,4,0,0,0,0,0,0,0,0,0,0,12,0,0,0,0,2,0,0,7,0,0,0,0,0,0,7,0,0,2,0,0,0,0,0,0,0,0,0,0,0,1,2,0,1,19,0,0,0,2,0,0,0,0,0,0,0,0,0,0,0,0,0,1,1,0,0,0,0,2,0,8,0,0,1,0,0,0,0,0,0,0,1,0,0,1,0,70,0,0,0,0,0,0,0,0,0,0,0,0,0,3,0,0,0,0,0,0,0,1,0,0,0,5,12,0,0,0,0,1,0,6,0,0,0,0,0,0
2004,RS2LE,LE,0,34,0,0,2,0,1,0,0,2,0,0,1,1,0,0,0,4,0,0,0,3,0,0,0,0,0,0,0,6,0,0,0,3,0,0,0,3,2,11,0,1,0,0,1,0,0,0,0,5,0,0,0,0,0,0,0,0,0,0,6,0,0,0,0,0,0,0,9,0,1,0,0,0,2,11,0,0,5,0,0,0,0,0,0,0,0,0,0,0,1,3,0,3,36,0,0,0,13,0,0,0,0,0,0,0,0,0,0,0,0,1,3,5,0,0,0,0,5,0,8,0,0,0,0,0,0,0,0,0,3,0,0,0,0,0,31,0,0,1,0,2,0,0,0,0,0,0,0,0,0,0,0,0,0,0,0,0,0,0,0,0,5,11,0,0,1,0,1,0,2,0,0,0,0,0,0
2004,RS3LE,LE,1,29,0,0,0,0,1,0,1,3,0,0,0,0,0,0,0,0,0,0,0,0,0,0,0,0,0,0,0,5,0,0,0,3,0,0,0,2,0,10,0,3,0,1,1,0,0,0,0,0,0,0,0,0,0,0,0,0,3,0,7,0,0,0,0,0,0,2,6,0,0,0,0,0,1,6,0,1,8,0,0,0,0,0,0,0,0,4,0,0,1,2,0,16,31,0,0,0,2,0,0,0,0,0,0,0,0,0,0,0,0,0,0,4,0,0,0,0,0,0,42,1,0,0,0,0,0,0,0,0,2,0,0,0,2,0,55,0,0,0,0,0,0,0,0,0,0,0,0,0,0,0,0,0,0,0,0,0,0,0,0,0,4,13,0,0,0,4,0,0,3,0,0,0,0,0,1
2004,RS4LE,LE,1,14,0,0,0,0,4,0,0,2,0,0,0,1,0,0,0,0,0,0,0,4,0,0,0,0,0,0,0,6,0,0,0,0,0,0,2,4,0,10,0,3,0,0,6,0,0,0,0,1,0,0,0,0,0,0,0,0,0,0,6,0,0,0,0,5,0,1,3,0,0,0,3,0,5,18,0,0,3,0,0,0,0,0,0,0,0,0,1,0,1,0,0,2,22,0,0,0,5,0,0,0,0,0,0,0,0,0,0,0,0,8,3,0,0,0,0,2,0,0,1,0,0,6,0,0,0,0,0,0,6,0,0,0,0,0,46,0,0,0,0,1,0,0,0,1,0,0,0,0,0,0,0,0,0,0,0,0,0,0,0,0,6,3,0,0,0,1,1,0,4,0,0,0,0,0,0
2004,RS5LE,LE,0,6,0,0,2,0,3,0,0,2,0,0,0,0,0,0,0,0,0,0,0,5,0,0,0,0,0,0,0,11,0,0,0,0,0,3,2,8,0,5,1,3,1,0,2,0,0,0,0,2,0,0,0,3,1,0,0,0,0,0,5,0,1,0,0,1,0,0,1,0,1,0,1,0,5,9,0,0,0,0,0,0,0,0,0,0,0,0,0,0,0,0,0,0,40,0,0,0,3,0,0,0,0,0,0,0,0,1,0,0,0,4,16,0,0,0,0,0,0,0,2,1,0,6,0,0,0,0,0,0,7,0,0,0,1,0,18,0,0,1,0,1,0,0,0,0,0,0,0,0,0,0,0,0,0,0,0,0,0,0,0,4,5,2,0,0,0,0,0,0,2,0,0,0,4,0,0
2004,RS6LE,LE,0,8,0,0,4,0,0,0,0,1,0,0,0,0,0,0,0,0,0,0,0,0,0,0,0,0,0,0,0,18,0,0,0,0,0,0,1,5,0,2,0,2,0,0,1,0,0,1,0,2,0,0,0,0,0,0,0,0,0,0,2,0,0,0,0,0,0,1,2,0,1,0,0,0,4,14,0,0,0,0,0,0,0,0,0,0,0,0,0,0,1,0,0,0,29,0,0,0,0,0,0,0,0,0,0,0,0,3,0,0,0,0,4,2,0,0,0,1,0,0,3,0,0,7,0,0,0,0,0,0,4,0,0,0,0,0,63,0,0,1,0,1,0,0,0,0,0,0,0,0,0,0,0,0,0,0,0,0,0,0,0,0,4,14,0,0,0,1,0,0,1,0,0,0,0,0,0
2004,RS1UE,UE,0,26,0,0,0,0,3,0,0,0,0,0,0,0,0,0,0,0,0,0,0,0,0,0,0,0,0,0,0,7,0,0,0,0,0,0,0,6,0,2,1,3,0,2,4,0,0,0,0,1,0,0,0,0,0,0,0,0,0,0,9,0,0,0,0,1,0,0,8,0,1,0,0,0,1,6,0,0,4,0,0,0,0,0,0,0,0,0,0,0,0,3,0,0,15,0,0,0,2,0,0,0,0,0,0,0,0,0,0,0,0,0,1,0,0,0,0,0,2,0,5,0,0,2,0,0,0,0,0,0,0,2,0,0,0,0,69,0,0,1,0,1,0,0,0,0,0,0,0,0,3,0,0,0,0,0,0,0,1,0,0,0,8,10,0,0,0,0,2,0,4,0,0,0,0,0,0
2004,RS2UE,UE,0,28,0,0,3,0,1,0,0,2,0,0,3,0,0,0,0,9,0,0,0,11,0,0,0,0,0,0,0,4,0,0,0,4,0,0,0,5,1,8,0,7,0,0,1,0,0,0,0,3,0,0,0,0,0,0,0,0,0,0,4,0,0,0,0,0,0,0,7,0,0,0,0,0,8,13,0,5,7,0,0,0,0,0,0,0,0,1,0,0,0,1,0,0,23,0,0,0,15,0,0,0,0,0,0,0,0,0,0,0,0,6,3,20,0,0,0,0,2,0,4,0,0,2,0,0,0,0,0,0,12,0,0,0,0,0,29,0,0,0,0,2,0,0,0,0,0,0,0,0,0,0,0,0,0,0,0,0,0,0,0,0,11,14,0,0,0,1,0,0,0,0,0,0,0,0,0
2004,RS3UE,UE,2,29,0,0,0,0,4,0,1,2,0,0,0,3,0,0,0,0,0,0,0,8,0,0,0,0,0,1,0,6,0,0,0,0,1,1,0,2,0,9,0,10,0,4,3,0,0,0,0,0,0,0,0,0,0,0,0,0,5,2,6,0,0,0,1,1,0,1,5,0,0,0,0,1,1,8,0,4,3,6,0,0,0,0,0,1,0,5,0,0,2,2,0,8,29,1,0,0,2,0,0,0,0,0,0,1,0,0,0,0,0,0,3,3,0,0,0,0,0,0,39,0,0,0,0,0,0,0,0,0,2,0,0,0,7,0,53,0,0,1,0,1,0,0,0,0,0,0,0,0,0,0,0,0,0,0,0,0,0,0,0,0,7,18,0,0,0,3,3,0,2,0,0,0,0,0,1
2004,RS4UE,UE,1,15,0,0,1,0,5,0,0,2,0,0,0,0,0,6,0,0,0,0,0,4,0,0,0,0,0,0,0,5,0,1,0,0,0,0,0,9,0,9,1,0,0,0,9,0,0,0,0,2,0,0,0,0,0,0,0,1,0,0,3,0,0,0,0,5,0,0,7,0,2,1,0,0,6,16,0,2,1,0,0,0,0,0,0,0,0,2,0,0,1,0,0,1,16,0,0,0,2,0,0,0,0,0,0,0,0,3,0,0,0,6,5,0,0,0,0,4,0,0,0,0,0,4,0,0,0,0,0,0,10,1,0,0,0,0,34,0,1,0,0,1,0,0,1,3,0,0,0,0,1,0,0,0,0,0,0,0,0,0,0,0,6,5,0,0,0,1,0,0,3,0,0,0,0,1,0
2004,RS5UE,UE,0,17,0,0,0,0,2,0,0,1,0,0,2,0,0,1,0,0,0,0,0,2,4,0,1,0,0,0,0,7,0,0,0,0,0,2,1,8,0,4,5,2,0,0,1,0,0,0,0,0,0,0,0,0,1,0,0,1,0,0,4,0,0,0,0,1,0,0,4,0,1,1,0,0,7,12,0,2,2,0,0,0,0,0,0,0,0,0,1,0,0,0,0,2,24,0,0,0,4,0,0,0,0,0,0,0,0,0,0,0,0,5,4,1,0,0,0,0,1,0,3,0,0,0,0,0,0,0,0,0,3,0,0,0,0,0,48,0,0,1,0,2,0,0,0,0,0,0,0,0,0,0,0,0,0,0,0,0,0,0,0,0,8,2,0,0,0,0,0,0,1,0,1,0,0,0,1
2004,RS6UE,UE,5,9,0,0,0,0,2,0,0,0,0,2,0,1,0,1,0,0,0,0,0,1,0,0,0,0,0,0,0,6,1,0,2,0,0,0,1,14,0,3,0,0,0,0,2,0,0,0,0,3,0,0,0,0,0,0,0,0,0,0,1,0,0,0,0,0,0,0,5,0,1,2,1,0,8,10,0,0,1,0,0,0,0,0,0,0,0,2,0,0,2,0,1,1,25,0,0,0,2,0,0,0,0,0,0,0,0,2,0,0,0,1,3,9,0,0,0,0,0,0,3,1,0,3,0,1,0,0,0,0,7,0,0,0,1,0,52,0,0,3,0,0,0,0,0,0,0,0,0,0,4,0,0,0,0,0,0,0,0,0,0,0,14,7,0,0,0,0,0,0,2,0,0,0,0,0,1
2005,RS16C,C,0,34,2,0,5,0,1,0,0,2,0,0,0,0,0,0,0,0,0,0,0,2,0,0,0,0,0,0,0,11,0,0,0,0,0,0,1,1,0,7,0,2,0,1,2,0,0,0,1,0,0,0,0,0,0,0,0,0,0,0,12,0,0,0,0,0,0,1,2,0,3,0,0,0,1,12,0,1,10,0,0,0,0,0,0,0,0,0,0,0,0,2,0,0,22,0,0,0,6,0,0,0,0,0,0,0,0,0,0,0,0,0,3,0,0,0,0,0,0,0,2,0,0,4,0,0,0,0,0,1,4,0,0,0,0,0,20,1,0,1,0,2,0,0,0,0,0,0,0,0,0,0,0,0,0,0,0,0,0,0,0,0,1,6,0,0,0,2,1,0,3,0,0,0,0,0,0
2005,RS17C,C,0,15,0,0,2,0,2,0,0,3,0,0,0,0,0,0,0,0,0,0,0,1,0,0,0,0,0,0,0,17,0,0,1,0,0,0,1,13,0,5,0,7,1,5,6,0,0,0,0,3,0,0,0,0,0,0,0,0,0,8,22,0,0,0,0,1,0,1,3,0,2,0,0,0,0,3,0,4,4,0,0,0,0,0,0,0,0,1,0,0,1,2,0,0,16,1,0,0,4,0,0,0,0,0,0,0,1,0,0,0,0,1,2,1,0,0,0,0,0,0,4,0,0,4,0,0,0,0,0,0,4,0,0,0,0,0,39,0,0,0,0,1,0,0,0,0,1,0,0,0,0,1,0,0,0,0,0,0,0,0,0,0,5,4,0,0,0,1,0,0,3,0,0,0,0,0,1
2005,RS18C,C,0,17,0,0,1,0,0,0,0,1,0,0,0,1,0,0,0,0,0,0,0,0,0,0,0,0,0,0,0,12,0,0,0,0,0,0,3,9,0,3,1,2,0,13,5,0,0,0,0,2,0,0,0,0,0,0,0,1,3,13,13,0,0,0,0,0,0,6,3,0,0,0,0,0,1,3,0,7,2,6,0,0,0,0,0,0,0,0,0,0,5,2,0,6,20,0,0,0,3,0,0,0,0,0,0,0,0,0,0,0,0,1,1,0,0,0,0,0,4,0,6,0,0,1,0,0,0,0,0,1,2,0,0,0,0,0,42,0,0,0,0,2,0,0,0,0,0,0,0,0,0,0,0,0,0,0,0,0,0,0,0,0,4,4,0,0,0,3,2,0,3,0,0,0,0,0,1
2005,RS1C1,C,0,17,0,0,0,0,0,0,0,0,0,0,0,0,0,0,0,0,0,0,0,2,0,0,0,0,0,0,0,7,0,0,0,0,0,0,0,7,0,4,0,1,0,0,3,0,0,0,0,4,0,1,0,0,0,0,0,0,0,0,7,0,0,0,0,1,0,0,2,0,0,0,0,0,0,5,0,0,4,0,0,0,0,0,0,0,0,0,0,0,0,1,0,0,14,0,0,0,2,0,0,0,0,0,0,0,0,0,0,0,0,0,1,0,0,0,0,0,0,0,17,0,0,2,1,0,0,0,0,0,0,0,0,0,3,0,43,0,0,0,0,0,0,0,0,0,0,0,0,0,0,0,0,0,0,0,0,0,0,0,0,0,1,5,0,0,0,0,0,0,3,0,0,0,0,0,0
2005,RS1C2,C,0,13,0,0,0,0,1,0,0,0,0,0,0,0,0,0,0,1,0,0,0,0,0,0,0,0,0,0,0,9,0,0,0,0,0,1,0,14,0,2,0,1,0,0,2,0,0,0,0,3,0,0,0,0,0,0,0,0,0,0,4,0,0,0,0,3,0,0,2,0,0,0,0,0,1,5,0,0,0,0,0,0,0,0,0,0,0,0,0,0,0,2,0,1,16,0,0,0,1,0,0,0,0,0,0,0,0,0,0,0,0,0,0,0,0,0,0,0,1,0,13,0,0,0,0,0,0,0,0,0,2,0,0,0,1,0,46,0,0,0,0,0,0,0,0,0,0,0,0,0,1,0,0,0,0,0,0,0,0,0,0,0,1,6,0,0,0,0,0,0,5,0,0,0,0,0,0
2005,RS2C,C,0,29,0,0,0,0,0,0,0,0,0,0,6,0,0,0,0,6,0,0,0,4,0,0,0,0,0,0,0,5,0,0,0,4,0,0,0,6,0,5,0,2,0,0,5,0,0,0,0,2,0,0,0,0,0,0,0,0,0,0,8,0,0,0,4,0,0,0,3,0,0,0,0,0,1,3,0,2,6,0,0,0,0,0,0,0,0,0,0,0,0,2,0,2,11,0,0,0,13,0,0,0,0,0,0,0,0,0,0,0,0,0,1,5,0,0,0,0,1,0,16,0,0,0,1,0,0,0,0,4,5,0,0,0,2,0,50,0,0,0,0,2,0,0,0,0,0,0,0,0,1,0,0,0,0,0,0,0,0,0,0,0,5,7,0,0,0,1,0,0,3,0,0,0,0,0,0
2005,RS3C,C,1,32,0,0,0,0,2,0,0,0,0,0,0,0,0,0,0,0,0,0,0,0,0,0,0,0,0,0,0,3,0,0,3,1,0,0,2,4,0,4,1,9,0,0,3,0,0,0,0,0,0,0,0,0,0,0,0,0,6,0,4,0,0,0,0,2,0,1,3,0,0,0,0,0,0,8,0,5,11,2,0,0,0,0,0,0,0,0,0,0,0,2,0,8,32,0,0,0,5,0,0,0,0,0,0,0,0,1,0,0,0,0,0,2,0,0,0,0,1,0,33,0,0,0,0,0,0,0,0,0,0,0,0,0,3,0,50,0,0,0,0,2,0,0,0,0,0,0,0,0,0,0,0,0,0,0,0,0,0,0,0,0,3,11,0,0,0,2,0,0,5,0,0,0,0,0,0
2005,RS4C,C,0,16,0,0,0,0,3,0,0,0,0,0,0,0,0,0,0,1,0,0,0,2,0,0,0,0,0,0,0,6,0,0,0,0,0,0,2,4,0,8,0,0,0,0,3,0,0,0,0,1,0,0,0,0,0,0,0,0,0,0,6,0,0,0,0,1,0,0,7,0,0,0,1,0,2,6,0,0,7,0,0,0,1,0,0,1,0,0,0,0,2,4,0,1,35,0,0,0,8,0,0,0,0,0,0,2,0,3,0,0,0,3,1,1,0,0,0,2,0,0,0,0,0,5,0,0,0,0,0,0,3,0,0,0,1,0,54,0,0,0,0,2,0,0,0,0,0,0,0,0,1,0,0,0,0,0,0,0,0,0,0,0,4,4,0,0,0,0,0,0,2,0,0,0,0,0,0
2005,RS5C,C,0,5,0,0,0,0,2,0,0,2,0,0,5,0,0,3,2,2,3,1,0,6,2,0,0,0,0,0,0,9,0,0,3,0,0,4,1,7,1,6,0,1,0,1,1,0,0,0,0,1,0,0,0,0,0,0,0,0,1,0,2,0,0,0,4,0,0,0,2,0,0,0,0,0,1,4,0,2,2,0,0,0,0,0,0,0,0,0,0,1,3,0,0,0,27,0,0,0,5,0,0,0,0,0,0,0,0,0,0,0,0,19,5,1,0,0,0,2,0,0,1,0,0,4,0,0,0,0,0,5,29,0,0,0,0,0,18,0,0,1,0,3,0,0,0,3,0,0,0,0,0,0,0,0,0,0,0,0,0,0,0,0,1,2,0,0,0,2,0,0,5,0,0,0,0,0,1
2005,RS6C,C,0,6,0,0,1,0,1,0,0,0,0,5,0,0,0,0,0,0,0,0,0,3,0,0,0,0,0,0,0,7,0,0,0,0,0,3,1,18,0,8,0,1,0,0,1,0,0,0,0,2,0,0,0,0,0,0,0,0,0,0,3,0,0,0,0,1,0,1,2,0,0,0,0,0,5,3,0,2,1,0,0,0,0,0,0,0,0,0,0,0,0,0,0,0,17,0,0,0,10,0,0,0,0,0,1,0,0,0,0,0,0,5,4,0,0,0,0,3,0,0,4,0,0,4,0,0,0,0,0,2,4,0,0,0,2,0,60,0,0,2,0,1,0,0,0,0,0,0,0,0,1,0,0,0,0,0,0,0,0,0,0,0,13,6,0,0,0,2,3,0,1,0,0,0,0,0,0
2005,RS7C,C,0,19,0,0,1,0,1,0,0,0,0,0,0,0,0,0,0,0,0,0,0,4,0,0,0,0,0,0,0,9,0,0,2,2,0,0,0,3,0,4,0,2,0,0,4,0,0,0,0,3,0,0,0,0,0,0,0,0,0,0,4,0,0,0,0,0,0,0,3,0,0,0,0,0,2,2,0,0,1,0,0,0,0,0,0,0,0,0,0,0,0,2,0,1,24,0,0,0,7,0,0,0,0,0,0,0,0,0,0,0,0,0,3,6,0,0,0,0,4,0,3,0,0,1,0,0,0,0,0,0,6,0,0,0,0,0,34,0,0,0,0,0,0,0,0,0,0,0,0,0,0,0,0,0,0,0,0,0,0,0,0,0,10,5,0,0,0,0,0,0,0,0,0,0,0,0,0
2005,RS8C,C,0,4,0,0,0,0,1,0,0,2,0,0,0,0,0,0,0,0,0,0,0,5,0,0,0,0,0,0,0,8,0,0,0,0,0,0,1,6,0,8,0,6,0,1,13,0,0,1,0,2,0,0,0,0,0,0,0,0,0,0,18,0,0,0,0,0,0,0,4,0,0,0,0,0,0,0,0,0,0,0,0,0,0,0,0,0,0,0,0,0,1,2,2,3,11,0,0,0,3,0,2,0,0,0,0,0,0,4,0,0,0,0,1,8,0,0,0,0,1,2,7,0,0,2,0,0,0,0,0,0,0,0,0,0,2,0,69,1,0,0,0,0,0,0,0,0,0,0,0,0,0,0,0,0,0,0,0,0,1,0,0,0,3,1,0,0,0,3,0,0,1,0,0,0,0,0,0
2005,RS1LE,LE,0,29,0,0,0,0,5,0,0,0,0,0,0,0,0,0,0,0,0,0,0,1,0,0,0,0,0,0,0,4,0,0,0,0,0,0,0,6,1,5,0,3,0,0,2,0,0,0,0,4,0,0,0,0,0,0,0,0,0,0,12,0,0,0,0,0,0,0,2,0,0,0,0,0,0,7,0,1,1,0,0,0,0,0,0,0,0,0,0,0,2,1,0,1,19,0,0,0,4,0,0,0,0,0,0,0,0,0,0,0,0,0,0,0,0,0,0,0,0,0,11,0,0,1,0,0,0,0,0,0,0,0,0,0,3,0,64,0,0,0,0,0,0,0,0,0,0,0,0,0,2,0,0,0,0,0,0,0,0,0,0,0,4,10,0,0,0,0,0,0,4,0,0,0,0,0,0
2005,RS2LE,LE,0,31,0,0,1,0,2,0,0,0,0,0,0,0,0,0,0,1,0,0,0,3,0,0,0,0,0,0,0,6,0,0,0,2,0,2,3,5,3,8,0,1,0,1,4,0,0,0,0,1,0,0,0,0,0,0,0,0,0,0,5,0,0,0,0,1,0,0,4,0,0,0,0,0,4,3,0,2,2,0,0,0,0,0,0,0,0,0,0,0,0,0,0,2,26,0,0,0,4,0,0,0,0,0,0,0,0,0,0,0,0,0,2,4,0,0,0,0,4,0,15,0,0,0,0,0,0,0,0,0,2,0,0,0,1,0,54,0,0,0,0,2,0,0,0,0,0,0,0,0,0,0,0,0,0,0,0,0,0,0,0,0,7,8,0,0,0,3,0,0,2,0,0,0,0,0,0
2005,RS3LE,LE,3,33,0,0,0,0,4,0,0,0,0,0,0,0,0,0,0,0,0,0,0,0,0,0,0,0,0,0,0,3,0,0,0,1,0,0,1,3,0,11,0,2,0,0,4,0,0,0,0,1,0,0,0,0,0,0,0,0,0,1,6,0,0,0,0,0,0,3,3,0,0,0,0,0,2,2,0,1,6,1,0,0,0,0,0,0,0,0,0,0,1,2,0,10,22,0,0,0,2,0,0,0,0,0,0,0,0,0,0,0,0,0,0,5,0,0,0,0,1,1,43,0,0,0,1,0,0,0,0,0,2,0,0,0,6,0,41,0,0,0,0,1,0,0,1,0,0,0,0,0,2,0,0,0,0,0,0,0,0,0,0,0,10,7,0,0,0,4,0,0,2,0,0,0,0,0,0
2005,RS4LE,LE,3,26,0,0,0,0,2,0,0,0,0,0,0,0,0,0,0,0,0,0,0,6,0,0,0,0,0,0,0,8,0,0,0,0,0,0,4,5,0,8,0,2,0,2,7,0,0,0,0,0,0,0,0,0,0,0,0,0,0,0,3,0,0,0,0,1,0,0,6,0,1,0,1,0,1,9,0,0,2,0,0,0,0,0,0,0,0,0,0,0,0,1,0,2,21,0,0,0,3,0,0,0,0,0,0,0,0,3,0,0,0,7,2,0,0,0,0,6,0,0,2,0,0,8,0,0,0,0,0,0,6,0,0,0,0,0,49,0,0,0,0,2,0,0,0,0,0,0,0,0,0,0,0,0,0,0,0,0,0,0,0,0,6,6,0,0,0,1,1,0,1,0,0,0,0,0,0
2005,RS5LE,LE,0,7,0,0,1,0,2,0,0,2,0,0,1,0,0,0,0,0,0,0,0,4,0,0,0,0,0,0,0,11,0,0,0,0,0,1,3,5,0,9,0,4,1,2,4,0,0,0,0,4,0,0,0,0,0,1,0,0,0,0,3,0,0,0,0,1,0,0,2,0,0,0,0,0,2,9,0,1,2,0,0,0,3,0,0,0,0,0,0,0,0,0,0,1,34,0,0,0,5,1,0,0,0,0,0,0,0,0,0,0,0,4,9,0,0,0,0,0,0,0,2,0,0,4,0,1,0,0,0,0,7,0,0,0,0,0,54,0,0,2,0,2,0,0,0,4,0,0,0,0,0,0,0,0,0,0,0,0,0,0,0,0,5,4,0,0,0,4,0,0,2,0,0,0,0,0,0
2005,RS6LE,LE,0,9,0,0,1,0,2,0,0,1,0,0,0,0,0,0,0,0,0,0,0,1,0,0,0,0,0,0,0,9,0,0,0,0,0,1,3,14,1,3,1,2,0,2,3,0,0,0,0,1,0,0,0,0,0,0,0,0,0,0,1,0,0,0,0,1,0,0,4,0,1,0,0,0,3,3,0,0,0,0,0,0,0,0,0,0,0,1,0,0,0,0,0,1,25,0,0,0,0,0,0,0,0,0,3,2,0,0,0,0,0,0,3,0,0,0,0,2,0,0,4,0,0,14,1,0,0,0,0,0,1,0,0,0,0,0,74,0,0,3,0,1,0,0,0,0,1,0,0,0,0,0,0,0,0,0,0,0,0,0,0,0,6,8,0,0,0,2,2,0,1,0,0,0,0,0,0
2005,RS1UE,UE,0,39,0,0,0,0,4,0,0,0,0,0,0,0,0,0,0,0,0,0,0,0,0,1,0,0,0,0,0,4,0,0,0,0,0,0,0,6,0,6,0,2,0,0,6,0,0,0,1,3,0,1,0,0,0,0,0,0,0,0,7,0,0,0,0,0,0,0,2,0,0,0,0,0,1,8,0,0,4,0,0,0,0,0,0,0,0,0,0,0,1,1,0,0,10,0,0,0,2,0,0,0,0,0,0,0,0,0,0,0,0,0,0,0,0,1,0,0,0,1,7,0,0,4,0,0,0,0,0,0,1,0,0,0,1,0,70,0,0,0,0,1,0,0,0,0,0,0,0,0,2,0,0,0,0,0,0,0,0,0,0,0,5,5,0,0,0,0,1,0,4,0,0,0,0,0,0
2005,RS2UE,UE,0,24,0,0,3,0,1,0,0,1,0,0,2,0,0,0,0,3,0,0,0,9,0,0,0,0,0,0,0,4,0,0,0,4,0,0,1,3,1,5,1,4,0,2,5,0,0,0,0,2,0,0,0,0,0,0,0,0,0,0,6,0,0,0,1,0,0,0,1,0,0,0,0,0,5,5,0,2,8,0,0,0,0,0,0,0,0,0,0,0,2,4,0,1,21,0,0,0,8,0,0,0,0,0,0,0,0,0,0,0,0,5,1,11,0,0,0,0,3,0,12,0,0,0,0,0,0,0,0,0,8,0,0,0,0,0,32,0,0,0,0,2,0,0,0,0,0,0,0,0,0,0,0,0,0,0,0,0,0,0,0,0,4,4,0,0,0,1,0,0,1,0,0,0,0,0,0
2005,RS3UE,UE,2,28,0,0,0,0,2,2,0,0,0,0,0,0,1,0,0,0,0,0,0,0,0,0,0,0,0,0,0,8,0,0,0,0,0,2,1,3,0,11,0,8,0,0,3,0,0,0,0,1,0,0,0,0,0,0,0,0,4,1,3,0,0,0,0,1,0,0,8,0,0,0,0,0,1,2,0,3,3,8,0,0,0,0,0,0,0,0,0,0,3,3,0,5,30,0,0,0,7,0,0,0,0,0,0,3,0,0,0,0,0,0,2,3,0,0,0,0,0,1,25,0,0,1,2,0,0,0,0,0,1,0,0,0,3,0,56,0,0,0,0,0,0,1,0,0,0,0,0,0,4,0,0,0,0,1,0,0,0,0,0,0,10,9,0,0,0,2,1,0,2,0,0,0,0,0,0
2005,RS4UE,UE,0,19,0,0,0,0,2,0,0,0,0,0,0,0,0,3,0,1,0,0,0,4,0,1,0,0,0,0,0,12,0,0,0,0,0,0,4,9,0,9,0,0,0,0,10,0,0,0,0,2,0,0,0,0,1,0,0,1,0,0,4,0,2,0,0,1,0,0,5,0,1,0,0,0,4,13,0,1,0,0,0,0,2,0,0,0,0,0,1,0,0,0,0,1,10,0,0,0,5,0,0,0,0,0,0,0,0,3,0,0,0,3,4,0,0,0,0,9,0,0,3,0,0,4,0,0,0,0,0,0,8,0,0,0,0,0,46,0,0,0,0,0,0,0,0,0,0,0,0,0,0,0,0,0,0,0,0,0,0,0,0,2,6,10,0,0,0,0,0,0,5,0,0,0,0,0,0
2005,RS5UE,UE,1,11,0,0,1,0,1,0,0,2,0,0,3,0,0,1,0,2,0,0,0,3,4,0,0,0,0,0,0,16,0,0,0,0,0,2,2,6,0,3,0,0,0,0,4,0,0,0,0,1,0,0,0,0,1,0,0,0,0,0,3,0,0,0,1,1,0,0,3,0,1,0,1,0,2,5,0,1,1,0,0,0,0,0,0,0,0,1,0,0,1,1,0,2,31,0,0,0,3,0,0,0,0,0,0,0,0,0,0,0,0,5,2,1,0,0,0,0,5,0,6,0,0,2,0,0,0,0,0,1,3,0,0,0,2,0,62,0,0,1,0,3,0,0,0,0,1,0,0,0,0,0,0,0,0,0,0,0,0,0,0,0,4,6,0,0,0,1,3,0,1,0,0,0,0,0,1
2005,RS6UE,UE,4,8,0,0,2,0,4,0,0,0,0,1,0,1,0,1,0,0,0,0,0,2,0,0,0,0,0,0,1,7,0,0,3,0,0,0,3,8,0,6,0,2,0,2,2,0,0,0,0,2,0,0,0,0,3,0,0,0,0,0,1,0,0,0,0,1,0,0,3,0,0,2,1,0,5,2,0,0,3,0,0,0,0,0,0,0,0,1,0,0,0,0,1,0,19,1,0,0,2,0,0,0,0,0,3,0,0,3,0,0,0,2,1,0,0,0,0,0,0,0,4,0,0,2,0,3,0,0,0,0,6,0,0,0,0,0,64,0,0,2,0,1,0,0,0,0,0,0,0,0,9,0,0,0,0,0,0,0,0,0,0,0,16,6,0,0,0,1,1,0,2,0,0,0,0,0,0
2006,RS16C,C,0,28,0,0,3,0,3,0,0,4,0,0,0,0,0,0,0,0,0,0,0,2,0,0,0,0,0,0,0,4,0,0,0,0,0,0,1,1,0,9,3,6,0,0,1,0,0,0,0,5,0,0,0,0,0,0,0,1,0,0,12,0,0,0,0,1,0,3,7,0,0,0,0,0,4,17,0,1,12,0,0,0,2,0,0,0,0,1,0,0,0,4,1,0,28,0,0,0,16,0,0,0,0,0,0,0,0,2,0,0,0,0,3,0,0,0,0,0,1,2,4,0,0,2,0,0,0,0,0,1,3,0,0,0,5,0,27,0,0,2,0,2,0,0,0,0,1,0,0,0,0,0,0,0,5,0,0,0,0,0,0,0,4,15,1,0,0,3,2,0,2,0,0,0,0,0,0
2006,RS17C,C,0,14,0,0,3,0,6,0,0,3,0,0,0,0,0,0,0,0,0,0,0,2,0,0,0,0,0,0,0,24,0,0,0,0,0,0,2,4,0,6,0,12,1,10,2,0,0,0,1,3,0,1,0,0,0,0,0,0,0,2,38,0,0,0,0,2,0,4,2,0,0,0,0,0,0,7,0,1,8,0,0,0,0,0,0,0,0,0,0,0,2,10,0,0,22,4,0,0,10,0,0,0,0,0,0,0,0,2,2,0,0,0,6,0,0,0,0,0,1,1,1,0,0,2,0,0,0,0,0,0,1,0,0,0,2,0,46,0,0,0,0,2,0,0,0,0,0,0,0,1,0,0,0,0,10,0,0,0,0,0,0,0,1,4,0,0,0,2,2,0,4,0,0,0,0,0,0
2006,RS18C,C,0,9,0,0,4,0,2,0,0,5,0,1,0,1,0,0,0,0,0,0,0,0,0,0,0,0,1,0,0,16,0,0,0,0,0,0,2,15,1,5,2,3,0,10,9,0,0,0,0,2,0,1,0,0,0,0,1,1,4,4,12,0,0,0,0,0,0,13,3,0,0,0,0,0,0,3,0,5,6,2,0,0,1,0,0,0,0,0,0,0,6,2,0,5,17,0,0,0,9,0,0,0,0,1,0,0,1,0,0,0,0,0,6,0,0,0,0,0,3,2,0,0,0,1,0,0,0,0,0,1,1,0,0,0,0,0,28,0,0,0,0,1,0,0,0,0,0,0,0,0,0,0,0,0,4,0,0,0,0,0,0,0,2,12,0,0,0,2,6,0,1,0,0,0,1,0,2
2006,RS1C1,C,0,14,0,0,0,0,2,0,0,2,0,0,0,1,0,0,0,0,0,0,0,0,0,0,0,0,0,0,0,4,0,0,0,0,0,0,1,14,0,4,1,2,0,2,3,0,0,0,0,10,0,0,0,0,0,0,0,0,0,0,10,0,0,0,0,2,0,0,11,0,0,0,0,0,1,7,0,0,5,0,0,0,0,0,0,0,0,0,0,0,0,2,0,1,15,0,0,0,5,0,0,0,0,0,0,0,0,0,0,0,0,0,2,1,0,0,0,0,0,0,21,0,0,2,2,0,0,0,0,0,0,0,0,0,0,0,59,0,0,0,0,1,0,0,0,0,0,0,0,0,3,0,0,0,3,0,0,0,0,0,0,0,2,8,0,0,0,0,2,0,5,0,0,0,0,0,0
2006,RS1C2,C,0,10,0,0,0,0,1,0,1,0,0,0,0,0,0,0,0,0,0,0,0,0,0,0,0,0,0,0,0,10,0,0,0,0,0,1,0,17,0,4,0,5,0,2,3,0,0,0,0,10,0,0,0,0,0,0,0,0,0,0,7,0,0,0,0,2,0,0,8,0,0,0,0,0,1,3,0,0,3,0,0,0,0,0,0,0,0,0,0,0,0,4,0,1,14,0,0,0,1,0,0,0,0,0,0,0,0,0,0,0,0,0,1,1,0,0,0,0,0,0,17,0,0,3,0,0,0,0,0,0,4,0,0,0,1,0,36,0,0,0,0,0,0,0,0,0,0,0,0,1,3,0,0,0,9,0,0,0,0,0,0,0,3,8,0,0,0,0,2,0,3,0,0,0,0,0,0
2006,RS2C,C,0,26,0,0,2,0,1,0,0,1,0,3,0,0,0,1,0,1,0,0,0,4,0,0,0,0,0,0,0,9,0,0,0,4,0,0,0,10,0,8,0,3,0,1,5,0,0,0,0,1,0,0,0,0,0,0,0,0,0,0,8,0,0,0,7,0,0,0,11,0,0,0,0,0,4,5,0,0,10,0,0,0,0,0,0,0,0,0,0,0,0,3,0,2,25,0,0,0,11,0,0,0,0,0,0,0,0,0,0,0,0,2,1,7,0,0,0,0,0,0,18,0,1,1,0,0,0,0,0,0,5,0,0,0,3,0,42,0,0,0,0,4,0,0,0,0,0,0,0,0,0,0,0,0,4,0,0,0,0,0,0,0,9,10,0,0,0,0,5,0,1,0,0,0,0,0,0
2006,RS3C,C,1,29,0,0,1,0,2,0,0,1,0,0,0,1,0,0,0,0,0,0,0,0,0,0,0,0,0,0,0,3,0,0,2,1,0,2,0,5,0,9,0,2,0,0,2,0,0,0,0,0,0,0,0,0,0,0,0,0,9,0,6,0,0,0,0,0,0,2,3,0,2,0,0,0,2,9,0,0,14,0,0,0,0,0,0,0,0,0,0,0,3,0,0,7,23,0,0,0,3,0,0,0,0,0,0,0,0,0,0,0,0,0,0,1,0,0,0,0,0,0,35,0,0,1,0,0,0,0,0,0,3,0,0,0,5,0,58,0,0,0,0,2,0,0,0,0,0,0,0,1,0,0,0,0,3,0,0,0,0,0,0,0,10,11,0,0,0,0,1,0,3,0,0,0,0,0,0
2006,RS4C,C,1,18,0,0,1,0,2,0,0,1,0,0,0,2,0,0,0,0,0,0,0,2,0,0,0,0,0,0,0,4,0,0,0,0,0,0,2,4,0,9,0,1,0,0,3,0,0,0,0,3,0,0,0,0,0,0,0,0,0,0,8,0,0,1,0,2,0,1,9,1,0,0,1,0,2,13,0,0,6,0,0,0,0,0,0,0,0,0,0,0,6,4,0,1,17,0,0,0,10,0,0,0,0,0,1,0,1,1,0,0,0,5,2,2,0,0,0,0,0,0,1,0,0,1,0,0,0,0,0,0,4,0,0,0,0,0,57,0,0,0,0,1,0,0,0,0,0,0,0,0,3,0,0,0,3,0,0,0,0,0,0,2,5,6,0,0,0,0,1,0,1,0,0,0,0,0,0
2006,RS5C,C,0,3,0,0,1,0,5,0,0,2,0,3,1,0,0,10,0,1,8,1,0,6,2,1,0,0,0,0,1,9,0,0,8,0,0,4,2,3,0,6,4,2,0,1,2,0,0,1,0,0,0,0,0,0,0,0,0,1,0,0,4,0,1,0,9,1,0,0,2,0,0,0,0,0,1,4,0,2,3,0,0,0,0,0,0,0,0,0,0,0,3,0,0,1,11,0,0,0,8,0,0,0,0,0,0,0,0,0,0,0,0,24,9,0,0,0,0,2,0,0,4,0,0,7,0,0,0,0,0,2,28,0,0,0,2,0,15,0,0,0,0,0,0,0,0,1,0,0,0,0,0,0,0,0,2,0,0,0,0,0,0,2,2,3,0,0,0,1,0,0,4,0,0,0,4,0,0
2006,RS6C,C,0,5,0,0,0,0,3,0,0,0,0,5,0,1,0,0,0,0,0,0,0,3,0,1,0,0,0,0,1,18,0,0,0,0,0,4,2,5,1,7,0,4,0,2,2,0,0,0,0,2,0,0,0,0,0,0,0,0,1,0,1,0,0,0,0,0,0,2,4,0,0,0,0,0,7,5,0,3,1,0,0,0,0,0,0,0,0,0,0,0,2,0,0,1,14,0,0,0,8,0,0,0,0,0,0,1,0,0,0,0,0,9,2,3,0,0,0,0,0,0,2,0,0,3,0,1,0,0,0,0,4,0,0,0,2,0,50,0,0,1,0,2,0,0,0,0,0,0,0,0,1,0,1,0,4,0,0,0,0,0,0,0,6,7,0,0,0,0,4,0,1,0,0,0,0,0,0
2006,RS7C,C,0,10,0,0,0,0,4,0,0,2,0,0,0,1,0,0,0,1,0,0,0,5,0,0,1,0,0,0,0,13,0,0,2,3,0,2,0,4,0,14,0,5,0,2,5,0,0,0,0,3,0,0,0,0,0,0,0,0,0,0,7,0,0,0,0,0,0,0,12,0,0,0,0,0,3,3,0,0,1,0,0,0,0,0,0,0,0,0,0,0,2,4,0,1,16,0,0,0,12,0,0,0,0,0,0,0,0,0,0,0,0,1,3,3,0,0,0,0,4,0,0,0,0,1,0,0,0,0,0,0,3,0,0,0,0,0,56,0,0,0,0,2,0,0,0,0,0,0,0,0,1,0,0,0,1,0,0,0,0,0,0,0,8,6,0,0,0,0,0,0,0,0,0,0,0,0,0
2006,RS8C,C,0,6,0,0,0,0,3,0,0,9,0,0,0,0,0,0,0,1,0,0,0,2,0,0,0,0,0,0,0,14,0,0,0,0,0,0,0,5,2,12,0,9,0,2,6,0,0,0,1,0,0,0,0,0,0,0,0,0,0,0,33,0,0,0,0,0,0,0,4,0,0,0,0,0,0,2,0,0,1,0,0,0,0,0,0,0,1,0,0,0,2,6,0,1,13,0,0,0,6,0,2,0,0,0,0,0,0,1,0,0,0,0,1,3,0,0,0,0,1,0,9,0,2,2,0,0,0,0,0,0,1,0,0,0,1,0,74,0,0,0,0,0,0,0,0,0,0,0,0,1,0,0,0,0,4,0,0,0,1,0,0,0,6,1,0,0,0,3,0,0,1,0,0,0,0,0,0
2006,RS1LE,LE,0,17,0,0,1,0,3,0,0,0,0,0,0,0,0,0,0,0,0,0,0,1,0,0,0,0,0,0,0,7,0,0,0,0,0,0,0,7,0,5,1,5,0,1,2,0,0,0,0,6,0,0,0,0,0,0,0,0,0,0,16,0,0,0,0,0,0,0,10,0,0,0,0,0,0,8,0,0,5,0,0,0,0,0,0,0,0,0,0,0,1,2,0,1,16,0,0,0,3,0,0,0,0,0,0,0,0,0,0,0,0,0,2,0,0,0,0,0,0,0,14,0,0,0,0,0,0,0,0,0,2,1,0,0,4,0,51,0,0,0,0,1,0,0,0,0,0,0,0,0,4,0,0,0,5,0,0,0,0,0,0,0,6,10,0,0,0,0,1,0,1,0,0,0,0,0,0
2006,RS2LE,LE,0,21,0,0,1,0,1,0,0,2,0,0,0,1,0,0,0,4,0,0,0,2,0,0,0,1,0,0,0,3,0,0,0,5,0,1,0,7,2,8,1,4,0,5,3,0,0,1,0,1,0,0,0,0,0,0,0,0,0,0,15,0,0,0,0,0,0,0,9,0,0,0,0,0,5,6,0,0,8,0,0,0,0,0,0,0,0,0,0,0,2,2,0,2,32,0,0,0,9,0,0,0,0,0,0,0,0,0,0,0,0,4,3,6,0,0,0,0,4,0,15,0,0,0,0,0,0,1,0,3,2,0,0,0,0,0,39,0,0,0,0,3,0,0,0,0,0,0,0,0,0,0,0,0,8,0,0,0,0,0,0,0,8,10,0,0,0,2,3,0,2,0,0,0,0,0,0
2006,RS3LE,LE,1,30,0,0,0,0,2,2,0,2,0,0,0,0,0,0,0,0,0,0,0,0,0,0,0,0,0,0,0,4,0,0,0,1,0,0,0,2,0,12,1,2,0,0,3,0,0,0,0,1,0,0,0,0,0,0,0,0,2,3,7,0,0,0,0,1,0,5,3,0,0,0,0,0,2,6,0,0,2,1,0,0,0,0,0,0,0,0,0,0,1,3,0,8,20,0,0,0,6,0,0,0,0,0,0,0,0,0,0,0,0,0,1,3,0,0,0,0,0,0,49,1,0,0,0,0,0,0,0,0,1,0,0,0,3,0,69,0,0,0,0,2,0,0,0,0,0,0,0,0,1,0,0,0,10,0,0,0,0,0,0,0,11,21,0,0,0,2,2,0,1,0,1,0,0,0,0
2006,RS4LE,LE,2,17,0,0,1,0,3,0,0,2,0,1,0,1,0,0,0,0,0,0,0,7,0,0,0,0,0,0,0,6,0,0,0,0,0,0,0,6,0,8,0,4,0,2,8,0,0,0,1,1,0,0,0,0,0,0,0,0,0,0,7,0,0,0,0,0,0,1,12,0,0,0,0,0,3,10,0,7,6,0,0,1,0,0,0,0,0,1,0,0,0,0,0,2,15,0,0,0,8,0,0,0,0,0,0,0,0,2,0,0,0,7,5,0,0,0,0,0,0,0,2,0,0,2,0,1,0,0,0,0,4,1,0,0,1,0,45,0,0,0,0,1,0,0,0,0,0,0,0,0,0,0,0,0,2,0,0,0,0,0,0,1,6,4,0,0,0,0,2,0,1,0,0,0,1,0,0
2006,RS5LE,LE,0,6,0,0,2,0,4,0,0,4,0,1,0,3,0,0,0,0,0,0,0,4,0,0,0,0,0,0,0,10,0,0,0,0,0,1,4,6,1,10,1,3,1,2,3,0,0,1,0,3,0,0,0,2,1,0,0,0,0,0,6,0,2,0,1,1,0,2,6,0,1,0,0,0,3,6,0,0,3,0,0,0,0,0,1,0,0,0,0,0,0,1,0,1,14,0,0,0,11,0,0,0,0,0,0,0,0,0,0,0,0,9,16,0,0,0,0,2,0,0,3,0,0,3,3,2,0,0,0,0,5,0,0,0,2,0,53,0,0,1,0,1,0,0,0,0,0,0,0,0,0,0,0,0,4,0,0,0,0,0,0,3,7,3,0,0,0,0,1,3,2,0,0,0,5,0,0
2006,RS6LE,LE,0,10,0,0,1,0,1,0,0,1,0,0,0,0,0,0,0,0,0,0,0,1,0,0,0,0,0,0,0,8,0,0,0,0,0,0,2,2,0,12,1,2,0,1,4,0,0,0,0,0,0,0,0,0,0,0,0,0,0,0,2,0,0,0,0,0,0,0,7,0,0,0,0,0,4,4,0,0,1,0,0,1,0,0,0,0,0,0,0,0,0,1,0,1,19,0,0,1,0,0,0,0,0,0,0,0,0,0,0,0,0,0,2,2,0,0,0,0,0,0,7,0,0,12,0,0,0,0,0,0,1,0,0,0,3,0,69,0,0,2,0,2,0,0,0,0,0,0,0,0,0,0,7,0,4,0,0,0,0,0,0,0,4,17,0,0,0,1,3,0,4,0,0,0,0,0,0
2006,RS1UE,UE,0,39,0,0,0,0,1,0,0,1,0,0,0,0,0,0,0,0,0,0,0,0,0,0,0,0,0,0,0,7,0,0,0,0,0,0,0,7,0,3,0,3,0,0,6,0,0,0,0,3,0,0,0,0,0,0,0,0,0,0,7,0,0,0,0,0,0,0,7,0,0,0,0,0,0,4,0,0,5,0,0,0,0,0,0,0,0,0,0,0,0,4,0,0,7,0,0,0,4,0,0,0,0,0,0,0,0,0,0,0,0,0,2,0,0,0,0,0,1,0,7,0,0,2,0,0,0,0,0,0,1,0,0,0,1,0,52,0,0,0,0,2,0,0,0,0,0,0,0,1,6,0,0,0,5,0,0,0,0,0,0,0,6,7,0,0,0,0,2,0,1,0,0,0,0,0,0
2006,RS2UE,UE,0,16,0,0,3,0,1,0,0,1,0,2,0,0,0,0,0,3,0,0,0,3,0,0,0,0,0,3,0,4,0,0,0,3,0,0,0,7,3,7,2,7,0,2,5,0,0,0,0,0,0,0,0,0,0,0,0,0,0,0,7,0,0,0,1,0,0,0,9,0,0,0,0,0,8,5,0,6,3,0,0,0,0,0,0,0,0,0,0,0,4,2,0,4,10,0,0,0,14,0,0,0,0,0,0,0,0,0,0,0,0,16,2,14,1,0,0,0,0,0,15,0,0,2,0,0,0,0,0,2,13,0,0,0,0,0,36,0,0,0,0,2,0,0,0,0,0,0,0,1,0,0,0,0,3,0,0,0,0,0,0,0,10,11,0,0,0,0,1,0,0,0,0,0,0,0,0
2006,RS3UE,UE,1,21,0,0,0,0,2,2,0,3,0,0,0,1,0,0,0,0,0,0,0,1,0,0,0,0,0,1,0,4,0,0,0,0,0,1,0,2,0,10,1,5,0,1,2,0,0,0,0,1,0,0,0,0,0,0,0,0,9,1,7,0,0,0,0,0,0,2,3,0,0,0,0,0,1,8,0,5,2,6,0,0,0,0,0,0,0,0,0,0,2,2,0,4,12,0,0,0,9,0,0,0,0,0,0,0,0,1,0,0,0,0,0,5,0,0,2,0,0,0,40,0,0,0,0,0,0,0,0,0,0,0,0,0,12,0,66,0,0,1,0,1,0,0,0,0,0,0,0,0,4,0,0,0,5,1,0,0,0,0,0,0,9,17,0,0,0,4,6,0,1,0,0,0,0,0,1
2006,RS4UE,UE,1,11,0,0,0,0,3,1,0,1,0,0,0,0,0,5,0,0,0,0,0,4,0,2,0,0,0,0,0,6,0,0,0,0,0,0,1,8,0,6,0,0,0,4,12,0,0,0,0,3,0,0,0,0,2,0,0,1,0,0,4,0,0,1,0,3,0,1,8,0,1,0,0,0,4,9,0,2,4,0,0,0,0,0,0,0,0,0,0,0,0,1,0,1,7,0,0,0,8,0,0,0,0,0,0,0,1,2,0,0,0,6,2,1,0,0,0,1,0,1,0,0,0,2,0,1,0,0,0,0,9,2,0,0,2,0,49,0,0,0,0,2,0,0,0,1,0,0,0,0,0,0,0,0,2,0,0,0,0,0,0,3,5,9,0,0,0,1,1,0,5,0,0,3,0,0,0
2006,RS5UE,UE,2,12,0,2,1,0,5,0,0,1,0,2,4,0,0,0,0,1,0,0,1,4,5,1,0,0,0,0,0,17,0,0,0,0,0,3,2,2,0,2,1,6,0,1,3,0,0,0,0,0,0,0,0,0,0,0,0,1,0,0,3,0,0,0,1,2,0,0,11,0,0,1,0,0,4,5,0,5,4,1,0,0,0,0,0,0,0,0,0,0,1,2,0,2,22,0,0,0,5,0,0,0,0,0,0,0,0,0,0,0,0,8,2,1,0,0,0,0,0,0,8,0,0,2,0,0,0,0,0,0,2,0,0,0,1,0,64,0,0,0,0,3,0,0,0,0,0,0,0,0,1,0,0,0,7,0,0,0,0,0,0,0,3,5,0,0,0,0,2,0,7,0,0,1,0,0,1
2006,RS6UE,UE,4,8,0,0,2,0,2,0,0,2,0,0,0,3,0,2,0,0,0,0,0,5,0,0,0,0,0,0,0,7,0,0,4,0,0,0,6,6,0,6,0,2,0,1,3,0,0,0,0,3,0,0,0,0,2,0,0,0,0,0,5,0,0,4,0,0,0,0,7,0,1,1,3,0,7,12,0,2,3,0,0,0,0,0,0,0,0,0,0,0,3,0,0,0,23,0,0,0,3,0,0,0,0,0,2,0,0,0,0,0,0,3,3,0,0,0,0,0,0,0,4,0,0,4,0,2,0,0,0,0,7,0,1,0,1,0,67,0,0,2,0,2,0,0,0,0,0,0,0,0,6,0,0,0,4,0,1,0,0,0,0,1,6,5,0,0,0,1,1,0,1,0,0,0,0,0,0
2007,RS16C,C,0,39,0,0,4,0,6,0,0,2,0,0,0,0,0,0,0,0,0,0,0,2,0,0,0,0,0,0,0,17,0,0,0,0,0,0,3,2,0,13,0,5,0,5,1,0,0,0,0,4,0,0,0,0,0,0,0,1,0,0,27,0,0,0,0,1,0,0,7,0,0,0,0,0,3,17,0,1,29,0,0,0,0,0,0,0,0,0,0,0,0,4,0,0,22,0,0,0,18,0,0,0,0,0,0,0,0,3,0,0,0,0,3,0,0,5,0,0,0,8,1,0,0,17,0,0,0,0,0,2,5,0,0,0,4,1,39,0,0,0,0,2,0,0,0,0,0,0,0,0,0,0,0,0,7,0,0,0,0,1,0,5,4,19,3,0,0,2,2,0,2,0,0,0,0,0,0
2007,RS17C,C,0,9,0,0,3,0,7,0,0,3,0,0,0,0,0,0,0,0,0,0,0,1,0,0,0,0,0,0,0,11,0,0,1,0,0,0,2,6,0,5,0,5,1,6,6,1,0,0,0,3,0,0,0,0,0,0,0,1,0,6,45,0,0,0,0,1,0,2,3,0,1,0,0,0,0,3,0,1,12,0,0,0,0,0,0,0,0,0,0,0,2,6,0,0,12,0,0,3,5,0,0,0,0,0,0,0,0,0,0,0,0,0,3,0,0,0,0,0,2,2,3,0,0,5,0,0,0,0,0,0,7,0,0,0,2,0,31,0,0,0,0,1,0,0,0,0,0,1,0,0,0,0,0,0,1,0,0,0,0,0,0,2,8,5,0,0,0,3,1,0,4,0,1,0,0,0,0
2007,RS18C,C,0,14,1,0,3,0,12,0,0,5,0,0,0,1,0,0,0,1,0,0,0,1,0,0,0,0,0,0,0,31,0,0,0,0,0,0,3,7,2,7,2,2,2,3,4,0,0,3,1,5,0,0,0,0,0,0,0,0,3,5,18,0,0,0,0,0,0,11,5,0,0,0,0,0,1,11,0,8,17,4,0,0,0,0,0,0,0,0,0,0,6,3,0,4,13,0,0,0,11,0,0,0,1,0,0,0,0,0,0,0,0,0,5,0,0,2,0,0,1,1,4,0,0,1,0,0,0,1,0,2,3,0,0,0,3,0,45,0,0,1,0,2,0,0,0,0,0,0,0,0,0,0,0,0,5,0,0,0,0,0,0,1,7,8,0,0,0,2,3,0,3,0,0,0,1,0,4
2007,RS1C1,C,0,25,0,0,0,0,0,0,0,1,0,0,0,0,0,0,0,1,0,0,0,1,0,0,0,0,0,0,0,15,0,0,0,0,0,0,1,5,0,4,0,0,0,3,5,0,0,1,0,8,0,0,0,0,0,0,0,0,0,0,25,0,0,0,0,0,0,0,7,0,0,0,0,0,1,6,0,0,13,0,0,0,0,0,0,0,0,0,0,0,2,4,0,2,11,0,0,0,3,0,0,0,0,0,0,0,0,0,0,0,0,0,2,2,0,0,0,0,4,0,25,1,0,1,0,0,0,1,0,0,1,0,0,0,1,0,70,1,0,0,0,2,0,0,0,0,0,0,0,0,3,0,0,0,3,0,0,0,0,0,0,1,8,13,0,0,0,0,1,0,8,0,0,0,0,0,0
2007,RS1C2,C,0,13,0,0,0,0,2,1,0,2,0,0,0,1,0,0,0,2,0,0,0,1,0,0,0,0,0,0,0,26,0,0,0,0,0,1,0,13,0,2,0,3,0,9,3,0,0,1,0,9,0,0,0,0,0,0,0,0,0,0,22,0,0,0,0,2,0,0,11,0,0,0,0,0,1,8,0,0,5,0,0,0,0,0,0,0,0,0,0,0,2,8,0,0,11,0,0,0,3,0,0,0,0,0,0,0,0,0,0,0,0,0,0,1,0,1,0,0,0,0,5,1,0,3,0,0,0,0,0,0,3,0,0,0,3,0,70,2,0,0,0,2,0,0,0,0,0,0,0,0,5,0,0,0,3,0,0,0,0,0,0,0,5,15,0,0,0,0,1,0,3,0,0,0,0,0,0
2007,RS2C,C,0,25,0,0,1,0,0,1,0,3,0,1,11,0,0,0,0,4,0,0,0,8,0,0,0,0,0,0,0,12,0,0,0,4,0,0,0,5,0,6,0,2,0,4,4,0,0,0,1,2,0,0,0,0,0,0,0,0,0,0,14,0,0,0,0,0,0,0,8,0,0,0,0,0,3,8,0,2,22,0,0,0,0,0,0,0,0,0,0,0,1,1,0,1,22,0,0,0,14,0,0,0,0,0,0,0,0,0,0,0,0,3,2,5,0,0,0,0,0,0,24,0,0,1,0,0,0,0,0,1,8,0,0,0,2,0,61,0,0,0,1,3,0,0,0,0,0,0,0,0,2,0,0,0,1,0,0,0,0,0,0,0,14,14,0,0,0,2,0,0,4,0,0,0,0,0,0
2007,RS3C,C,0,54,0,0,0,0,9,11,0,2,0,0,0,0,0,0,0,1,0,0,0,1,0,0,0,0,0,0,0,5,0,0,0,2,0,0,1,2,0,8,0,8,0,0,3,0,0,0,1,1,0,0,0,0,0,0,0,0,8,0,17,0,0,0,0,1,0,2,7,0,0,0,0,0,0,11,0,0,23,0,0,0,0,0,0,0,0,0,0,0,3,6,0,12,34,0,0,0,4,0,0,0,0,0,0,0,0,2,0,0,0,0,1,1,0,0,0,0,0,2,54,1,0,9,0,0,0,0,0,0,2,0,0,0,9,0,64,0,0,0,0,5,0,0,0,0,0,0,0,0,1,0,0,0,3,1,0,0,0,0,0,1,20,18,0,0,0,6,1,0,8,0,0,0,0,0,0
2007,RS4C,C,0,26,0,0,1,0,2,0,0,0,0,0,0,0,0,0,0,1,0,0,0,7,0,0,0,0,0,0,0,5,0,0,0,0,0,0,4,3,0,13,0,0,0,1,4,0,0,0,0,4,0,0,0,0,0,0,0,0,0,0,14,0,0,0,0,0,0,0,5,0,0,0,2,0,2,15,0,1,9,0,0,0,0,0,0,0,0,0,0,0,7,11,0,1,31,0,0,0,4,0,0,0,0,0,0,4,0,2,0,0,1,4,3,2,0,0,0,2,0,0,1,0,3,2,0,0,0,0,0,0,5,0,0,0,3,0,65,0,0,0,0,1,0,0,0,0,0,0,0,0,3,0,0,0,4,0,0,0,0,0,0,4,5,7,0,0,0,0,3,0,1,0,0,0,0,0,0
2007,RS5C,C,6,4,0,0,1,0,5,0,0,0,0,4,5,2,0,5,0,0,11,1,0,10,3,1,0,0,0,0,0,13,0,0,8,0,0,4,4,5,0,5,1,2,0,0,2,0,0,0,0,3,0,0,0,0,0,1,0,0,0,0,4,0,0,0,8,1,0,1,6,0,0,0,0,0,6,5,0,6,5,0,0,0,0,0,0,0,0,0,0,0,4,1,0,2,14,0,0,0,12,0,0,0,0,0,0,0,0,2,0,0,0,25,6,1,0,0,0,1,1,3,5,0,0,4,0,0,0,0,0,3,30,0,0,0,3,0,27,0,0,0,0,2,0,0,0,0,0,0,0,0,0,0,0,0,6,0,0,0,0,0,0,3,3,3,0,0,0,1,1,0,3,0,0,1,2,0,0
2007,RS6C,C,0,10,0,0,1,0,5,0,0,1,0,7,0,1,0,0,0,0,0,0,0,4,0,0,0,0,0,1,0,23,0,0,0,0,0,1,2,4,0,4,0,3,0,2,1,0,0,0,0,2,1,0,0,0,0,0,0,0,1,0,4,0,0,0,0,0,0,2,6,0,1,0,0,0,8,4,0,3,3,0,0,0,0,0,0,0,0,0,0,0,0,5,0,1,19,0,0,0,7,0,0,0,2,0,2,0,0,0,0,0,0,6,3,1,0,0,0,0,0,0,6,0,0,2,0,0,0,0,0,0,6,0,0,0,4,0,62,0,0,0,1,3,0,0,0,0,0,0,0,0,5,0,0,0,3,0,0,0,0,0,0,0,11,8,0,0,0,2,10,0,4,0,0,0,0,0,0
2007,RS7C,C,0,15,0,0,2,0,0,0,0,0,0,0,0,0,0,0,0,0,0,0,0,6,0,0,0,0,0,0,0,16,0,0,0,7,0,0,0,5,0,10,0,6,0,1,2,0,0,0,0,1,0,0,0,0,0,0,0,0,0,0,16,0,0,0,0,0,0,0,4,0,0,0,0,0,6,2,0,0,3,0,0,0,0,0,0,0,0,0,0,0,1,10,0,0,28,0,0,0,12,0,0,0,0,0,0,0,0,0,0,0,0,1,4,2,0,1,0,0,5,0,1,0,0,1,0,0,0,0,0,0,7,0,0,0,0,0,64,0,0,0,0,1,0,0,0,0,0,0,0,0,0,0,0,0,3,0,0,0,0,0,0,1,8,14,0,0,0,0,0,0,0,0,0,0,0,0,0
2007,RS8C,C,0,4,0,0,1,0,0,0,1,0,0,0,0,0,0,0,0,0,0,0,0,3,0,0,0,0,0,0,0,30,0,0,0,0,0,0,0,6,0,9,0,5,0,1,14,0,0,0,0,0,0,0,0,0,0,0,0,0,0,0,24,0,0,0,0,0,0,0,4,0,0,0,0,0,0,1,0,0,0,0,0,0,0,0,0,0,0,0,0,0,0,3,0,2,26,0,0,0,1,0,2,0,0,0,0,0,0,0,0,0,0,0,0,5,0,0,0,0,1,0,11,0,0,1,0,0,0,2,0,0,2,0,0,0,1,0,61,0,0,0,0,1,0,0,0,0,0,0,0,0,0,0,0,0,0,0,0,0,0,0,0,0,3,3,0,0,0,2,1,0,1,0,0,0,0,0,0
2007,RS1LE,LE,0,36,0,0,1,0,0,0,0,0,0,0,0,0,0,0,0,2,0,0,0,3,0,0,0,0,0,0,0,9,0,0,0,0,0,0,0,6,0,7,0,4,0,0,4,0,0,0,0,4,0,0,0,0,0,0,0,0,0,0,30,0,0,0,0,0,0,0,10,0,0,0,0,0,2,14,0,0,6,0,0,0,0,0,0,0,0,0,0,0,0,3,0,2,18,0,0,0,3,0,0,0,0,0,0,0,0,0,0,0,0,0,1,1,0,0,0,0,1,0,16,0,0,1,0,0,0,0,0,0,0,0,0,0,5,1,58,1,0,0,0,1,0,0,0,0,0,0,0,0,6,0,0,0,4,0,0,0,0,0,0,0,6,20,0,0,0,0,0,0,4,0,0,0,0,0,0
2007,RS2LE,LE,0,37,0,0,2,0,2,0,0,2,0,1,0,1,0,0,0,1,0,0,0,4,0,0,0,0,0,0,0,8,0,0,0,7,0,2,0,4,2,3,1,5,0,0,5,0,0,0,0,1,0,0,0,0,0,0,0,0,0,0,27,0,0,0,0,1,0,1,11,0,0,0,0,0,4,5,0,0,12,0,0,1,0,0,0,0,0,0,0,0,2,3,0,3,36,0,0,0,10,0,0,0,0,0,0,0,0,0,0,0,0,1,3,3,0,0,0,0,0,1,26,0,0,1,0,0,0,1,0,0,8,0,0,0,2,0,70,1,0,0,0,3,0,0,0,0,0,0,0,0,0,0,0,3,9,0,0,0,0,0,0,0,15,12,0,0,0,2,2,0,1,0,1,0,0,0,0
2007,RS3LE,LE,0,63,0,0,0,0,11,3,0,4,0,0,0,1,0,0,0,0,0,0,0,1,0,1,0,0,0,0,0,5,0,0,0,1,0,0,0,2,0,12,0,2,0,1,2,0,0,0,0,0,0,0,0,0,0,0,0,0,6,5,12,0,0,0,0,1,0,4,5,0,1,0,0,0,2,8,0,0,20,0,0,2,0,0,0,0,0,0,0,0,0,2,0,21,17,0,0,0,2,0,0,0,0,0,0,0,0,0,0,0,0,0,1,12,0,1,1,0,2,0,61,1,0,2,0,0,0,0,0,0,2,0,0,0,7,0,70,0,0,1,0,3,0,0,0,0,0,0,0,0,0,0,0,0,9,0,0,0,0,0,0,0,15,23,0,0,0,3,2,0,9,0,0,0,0,0,0
2007,RS4LE,LE,0,23,0,0,0,0,2,0,0,3,0,0,0,1,0,0,0,0,0,0,0,9,0,0,0,0,0,0,0,7,0,0,0,0,0,0,1,2,0,8,0,4,0,0,11,0,0,0,0,2,0,0,0,0,0,0,0,0,0,0,4,0,0,0,0,1,0,0,9,0,0,0,2,0,3,19,0,2,12,0,0,0,0,0,0,0,0,0,0,0,1,0,0,2,18,0,0,0,5,0,0,0,0,0,0,0,0,6,0,0,0,14,3,0,0,0,0,7,0,0,1,0,0,4,0,0,0,0,0,0,8,0,0,0,3,0,53,0,0,0,0,3,0,2,0,0,0,0,0,0,0,0,0,0,3,0,0,0,0,0,0,5,3,4,0,0,0,2,2,0,3,0,0,0,0,0,0
2007,RS5LE,LE,0,19,0,0,4,0,4,0,1,6,0,1,1,2,0,3,0,0,0,0,0,10,0,0,0,0,0,0,0,17,0,0,0,0,0,3,9,3,0,14,0,4,0,0,2,0,0,0,1,3,0,0,0,0,0,3,0,0,0,0,6,0,0,0,0,1,0,1,8,0,1,0,0,0,1,7,0,2,6,0,0,0,0,0,0,0,0,0,0,0,0,1,0,2,45,0,0,0,2,0,0,0,0,0,0,0,0,2,0,0,0,6,10,0,0,1,0,0,0,2,3,1,0,2,0,4,0,0,0,0,8,0,0,0,3,0,64,0,0,1,0,2,0,0,0,0,0,0,0,0,0,0,0,0,5,0,0,0,0,0,0,7,6,5,0,0,0,1,2,0,4,0,0,0,4,0,0
2007,RS6LE,LE,0,5,0,0,2,0,2,0,0,1,0,0,0,0,0,0,0,0,0,0,0,1,0,0,0,0,0,0,0,23,0,0,0,0,0,0,5,5,1,4,0,1,1,0,2,0,0,0,0,2,0,0,0,0,0,0,0,0,1,0,7,0,0,0,0,0,0,1,18,0,1,0,0,0,5,5,0,0,3,0,0,1,0,0,0,0,0,0,0,0,1,2,0,2,20,0,0,0,1,0,0,0,2,0,4,1,0,1,0,3,0,0,1,0,0,0,0,2,0,0,5,0,0,5,1,0,0,0,0,0,2,0,0,0,1,0,81,0,0,0,0,2,0,0,0,0,0,0,0,0,0,0,0,0,2,0,0,0,0,0,0,3,16,11,0,0,0,1,6,0,4,0,1,0,0,0,0
2007,RS1UE,UE,0,46,0,0,0,0,3,0,0,0,0,0,0,0,0,0,0,0,0,0,0,0,0,0,0,0,0,0,0,9,0,0,0,0,0,0,0,3,0,2,1,3,0,0,8,0,0,1,1,2,0,0,0,0,0,0,0,1,0,0,27,0,0,0,0,0,0,0,10,0,0,0,0,0,0,4,0,0,7,0,0,0,0,0,0,0,0,0,0,0,0,3,0,1,9,0,0,0,4,0,0,0,0,0,0,0,0,0,0,0,0,0,1,0,0,1,0,0,0,0,8,0,2,3,0,0,0,0,0,0,2,0,0,0,2,0,78,0,0,0,0,2,0,0,0,0,0,0,0,0,4,0,0,0,2,0,0,0,0,0,0,0,8,9,0,0,0,0,0,0,0,0,0,0,0,0,0
2007,RS2UE,UE,0,24,0,0,3,0,3,0,0,2,0,3,4,2,0,0,0,6,0,0,0,9,0,0,0,0,0,0,0,6,0,0,0,3,0,0,0,2,2,9,1,3,0,1,4,0,0,0,0,2,0,0,0,0,0,0,0,0,0,0,15,0,0,0,0,0,0,0,8,0,0,0,0,0,7,11,0,5,13,0,0,0,0,0,0,0,0,0,0,0,2,7,0,2,22,0,0,0,16,0,0,0,0,0,0,0,0,0,0,0,0,12,1,17,0,0,0,0,0,0,19,0,0,0,0,0,0,0,0,1,10,0,0,0,1,0,42,0,0,0,0,4,0,0,0,0,0,0,0,0,0,0,0,0,2,0,0,0,0,0,0,0,13,12,0,0,0,0,0,0,2,0,2,0,0,0,0
2007,RS3UE,UE,0,48,0,0,0,0,3,3,0,3,0,0,0,3,0,0,0,0,0,0,0,0,0,0,0,0,0,3,0,10,0,0,0,0,3,0,0,2,0,4,0,3,0,1,3,0,0,0,0,3,0,0,0,0,0,0,0,0,7,1,3,0,0,0,0,1,0,1,5,0,2,0,0,0,2,9,0,5,3,2,0,0,0,0,0,0,0,0,0,0,1,2,0,4,23,1,0,0,1,0,0,0,0,0,0,2,0,1,0,0,0,0,0,4,0,0,5,0,1,1,41,0,0,3,0,0,0,0,0,0,0,0,0,0,3,0,69,0,0,1,1,0,0,1,0,0,0,0,0,0,5,0,0,0,3,0,0,0,0,0,0,0,21,21,0,0,0,3,4,0,2,2,0,0,0,0,1
2007,RS4UE,UE,0,19,0,0,1,0,3,0,0,1,0,0,0,1,0,7,0,0,0,0,0,5,1,1,0,0,0,0,0,12,0,0,0,0,0,0,0,2,0,8,0,0,0,0,10,0,0,0,0,3,0,0,0,0,1,0,0,1,0,0,3,0,2,0,0,4,0,0,6,0,1,1,0,0,2,11,0,4,2,0,0,0,0,0,0,0,0,0,0,0,3,1,0,2,14,0,0,0,7,0,0,0,0,0,0,0,0,3,0,0,0,5,6,1,0,0,0,7,0,0,2,0,0,3,0,0,0,0,1,1,1,0,0,0,3,0,59,0,0,0,0,3,0,0,0,0,0,0,0,0,0,0,0,0,2,0,0,0,0,0,0,4,4,3,0,0,0,1,1,0,9,0,0,0,0,0,0
2007,RS5UE,UE,1,14,0,0,1,0,6,0,0,5,0,2,3,1,0,1,0,0,0,0,0,4,6,4,0,0,0,1,0,23,0,0,0,0,0,3,4,4,0,3,0,2,0,1,2,0,0,0,0,1,0,0,0,0,1,0,0,1,0,0,4,0,0,0,2,1,0,1,8,0,0,1,2,0,4,6,0,8,8,1,0,0,1,0,0,0,0,0,1,0,0,0,0,4,31,0,0,0,5,2,0,0,0,0,0,1,0,1,0,0,0,7,2,1,0,0,0,0,6,1,12,0,0,5,0,0,0,0,0,0,4,0,0,0,2,0,48,0,0,0,0,6,0,0,0,0,0,0,0,0,2,0,0,0,5,0,0,0,0,0,0,2,6,5,0,0,0,1,3,0,1,0,0,0,0,0,2
2007,RS6UE,UE,4,21,0,0,1,0,3,1,0,0,0,1,0,2,0,0,0,0,0,2,0,9,0,0,0,0,0,0,0,4,1,0,3,0,0,0,5,12,0,5,0,2,0,0,3,0,0,0,0,5,0,0,0,0,1,0,0,0,0,0,3,0,0,0,1,1,0,1,13,0,0,0,4,0,6,9,0,2,2,0,0,0,0,0,0,0,0,0,0,0,0,0,0,0,35,0,0,0,3,0,0,0,0,1,1,0,0,2,0,0,0,2,2,1,0,0,0,1,0,0,5,0,0,1,0,6,0,0,0,0,11,0,0,0,1,0,69,0,0,2,0,1,0,1,0,0,0,0,0,0,6,0,0,0,2,0,0,0,0,0,0,0,6,10,0,0,0,2,3,0,4,0,0,0,0,0,1
2008,RS16C,C,0,20,0,0,3,0,2,0,0,0,0,0,0,0,0,0,0,1,0,0,0,4,0,0,0,0,0,0,0,14,0,0,0,0,0,0,0,2,0,9,0,1,0,1,3,0,0,0,0,3,0,0,0,0,0,0,0,0,0,0,21,0,0,0,0,0,0,2,1,0,0,0,0,0,3,10,0,2,19,0,0,0,0,0,0,0,0,0,0,0,0,2,0,0,25,0,0,0,9,0,0,0,0,0,0,0,0,0,0,0,0,0,2,0,0,0,0,0,0,0,2,0,0,2,0,1,0,0,0,2,5,0,0,0,1,0,38,0,0,0,0,2,0,0,0,0,0,0,0,0,0,0,0,0,8,0,0,0,0,0,0,1,3,12,0,0,0,1,1,0,2,0,0,0,0,0,0
2008,RS17C,C,0,12,0,0,2,0,4,0,0,0,0,0,0,0,0,0,0,0,0,0,0,3,0,0,1,0,0,0,0,24,0,0,0,0,0,1,0,7,0,4,0,16,0,5,6,0,0,2,0,4,0,0,0,0,0,0,0,0,0,5,29,0,0,0,0,0,0,2,2,0,0,0,0,0,2,9,0,1,12,0,0,0,0,0,0,0,0,0,0,0,1,4,0,1,15,0,0,0,5,0,0,0,0,0,0,0,0,0,0,0,0,0,2,0,0,0,0,0,0,0,2,0,0,3,0,0,0,0,0,2,1,0,0,0,2,0,47,0,0,1,0,1,0,0,0,0,0,0,0,0,0,0,0,0,1,0,0,0,0,0,0,0,2,6,0,0,0,0,0,0,1,0,0,0,0,0,0
2008,RS18C,C,0,13,0,0,1,0,5,0,0,0,0,0,0,0,0,0,0,0,0,0,0,1,0,0,0,0,0,0,0,18,0,0,0,0,0,0,0,8,3,6,0,1,0,10,9,0,0,0,0,3,0,0,0,0,0,0,0,2,2,2,12,0,0,0,0,0,0,4,2,0,0,0,0,0,3,7,0,7,7,6,0,0,0,0,0,0,0,0,0,0,2,5,0,8,16,0,0,0,4,0,0,0,0,1,0,0,0,0,0,0,0,1,7,0,0,1,0,0,0,0,1,0,0,0,0,0,0,0,0,0,1,0,0,0,0,0,35,0,0,1,0,0,0,0,0,0,0,0,0,0,0,0,0,0,1,0,0,1,0,0,0,0,5,10,0,0,0,0,1,0,2,0,0,0,0,0,2
2008,RS1C1,C,0,15,0,0,0,0,1,0,0,2,0,0,0,0,0,0,0,0,0,0,0,3,0,1,1,0,0,0,0,16,0,0,0,0,0,0,0,6,0,5,0,1,0,0,5,0,0,0,0,2,0,0,0,0,0,0,0,0,0,0,9,0,0,0,0,0,0,0,3,0,0,0,0,0,0,9,0,0,7,0,0,0,0,0,0,0,0,0,0,0,1,1,0,0,12,0,0,0,3,0,0,0,0,0,0,0,0,0,0,0,0,0,3,4,0,5,0,0,0,0,20,0,0,2,0,0,0,0,0,0,0,0,0,0,1,0,53,0,0,0,0,1,0,0,0,0,0,0,0,0,2,0,0,0,0,0,0,0,0,0,0,0,1,9,0,0,0,0,0,0,4,0,0,0,0,0,0
2008,RS1C2,C,0,11,0,0,0,0,2,0,0,0,0,0,0,0,0,0,0,1,0,0,0,1,0,0,0,0,0,0,0,28,0,0,0,0,0,0,0,2,0,0,0,1,0,0,15,0,0,1,1,0,0,0,0,0,0,0,0,0,0,0,14,0,0,0,0,0,0,1,2,0,0,0,0,0,3,2,0,0,1,0,0,0,0,0,0,0,0,0,0,0,0,4,0,0,12,0,0,0,1,0,0,0,0,0,0,0,0,0,0,0,0,0,4,0,0,0,0,0,0,0,24,0,0,2,0,0,0,0,0,0,2,0,0,0,0,0,50,1,0,0,0,0,0,0,0,0,0,0,0,0,0,0,0,0,1,0,0,0,0,0,0,0,1,6,0,0,0,0,0,0,5,0,0,0,0,0,0
2008,RS2C,C,0,33,0,0,1,0,2,0,0,1,0,4,4,0,0,0,0,2,0,0,0,8,0,0,0,0,0,0,0,9,0,0,0,5,0,1,0,9,1,6,0,3,0,4,6,0,0,0,0,0,0,0,0,0,0,0,0,0,0,0,14,0,0,0,4,0,0,0,1,0,0,0,0,0,6,10,0,0,12,0,0,0,0,0,0,0,0,0,0,0,0,0,0,2,13,0,0,0,8,0,0,0,0,0,0,0,0,0,0,0,0,1,3,9,0,0,0,0,0,0,28,0,0,0,0,0,0,0,0,0,5,0,0,0,0,0,49,0,0,0,0,4,0,0,0,0,0,0,0,0,0,0,0,0,1,0,0,0,0,0,0,0,5,8,0,0,0,0,0,0,6,0,0,0,0,0,0
2008,RS3C,C,0,43,0,0,1,0,5,5,0,1,0,0,0,0,0,0,0,0,0,0,0,1,0,0,0,0,0,0,0,8,0,0,1,2,0,0,3,4,0,7,0,9,0,1,5,0,0,2,0,1,0,0,0,0,0,0,0,1,8,0,15,0,0,0,0,1,0,1,2,0,1,0,0,0,3,6,0,0,12,0,0,0,0,0,0,0,0,0,0,0,1,4,0,10,29,1,0,0,3,0,0,0,0,0,0,0,0,0,0,0,0,0,2,3,0,1,0,0,0,2,29,0,0,7,0,0,0,0,0,0,2,0,0,0,10,0,49,0,0,0,0,3,0,0,0,0,0,0,0,0,0,0,0,0,1,0,0,0,0,0,0,0,14,15,0,0,0,3,5,0,4,0,0,0,0,0,0
2008,RS4C,C,0,12,0,0,2,0,1,0,0,1,0,0,1,0,0,0,0,0,0,0,0,3,0,0,1,0,0,0,0,6,0,0,0,0,0,0,2,4,0,15,0,4,0,0,4,0,0,0,0,3,0,0,0,0,0,0,0,0,0,0,6,0,0,0,0,1,0,1,5,0,0,0,0,0,3,7,0,1,3,0,0,0,0,0,0,0,0,0,0,0,2,3,0,0,19,0,0,0,9,0,0,0,0,0,0,2,0,1,0,0,0,3,2,2,0,0,0,1,0,0,0,0,1,4,0,0,0,0,0,1,6,0,0,0,2,0,51,0,0,0,0,1,0,0,0,0,0,0,0,0,2,0,0,0,0,0,0,0,0,0,0,2,6,5,0,0,0,0,1,0,2,0,0,0,0,0,0
2008,RS5C,C,0,5,0,0,1,0,1,0,0,1,1,4,4,1,0,4,0,0,6,1,0,2,5,0,0,0,0,0,0,7,0,0,8,0,0,3,1,3,2,5,1,2,0,1,2,0,0,0,0,0,0,0,0,0,0,0,0,0,1,0,1,0,0,0,4,0,0,0,3,0,0,0,0,0,4,4,0,5,1,0,0,0,0,0,0,0,0,0,0,0,0,0,0,1,11,0,0,0,7,0,0,0,0,0,0,0,0,0,0,0,0,9,8,0,0,0,0,0,0,0,2,0,0,3,0,1,0,0,0,1,11,0,0,0,0,0,26,0,0,0,0,2,0,0,0,0,0,0,0,0,0,0,0,0,0,0,0,0,0,0,0,1,1,2,0,0,0,0,0,0,4,0,0,0,2,0,0
2008,RS6C,C,0,4,0,0,0,0,0,0,0,1,0,1,0,0,0,0,0,0,0,0,0,4,0,0,0,0,0,1,0,22,0,0,0,0,0,5,4,10,0,7,1,4,0,0,1,0,0,1,0,3,0,0,0,0,0,0,0,0,0,0,2,0,0,0,0,0,0,1,3,0,0,0,0,0,4,2,0,1,2,0,0,0,0,0,0,0,0,0,0,0,0,0,0,2,13,0,0,0,3,0,0,0,0,0,1,0,0,0,0,0,0,6,1,3,0,0,0,0,0,0,5,0,0,2,0,4,0,0,0,0,5,0,0,0,1,0,63,0,0,0,0,3,0,0,0,0,0,0,0,0,0,0,0,0,0,0,0,0,0,0,0,0,2,4,0,0,0,2,7,0,2,0,0,0,0,0,0
2008,RS7C,C,0,18,0,0,0,0,1,0,0,1,0,0,0,0,0,0,0,0,0,0,0,8,0,0,0,0,0,0,0,15,0,0,0,2,0,1,0,6,0,9,0,6,0,0,4,0,0,0,0,1,0,0,0,0,0,0,0,0,0,0,3,0,0,0,0,0,0,0,1,0,0,0,0,0,6,6,0,0,3,0,0,0,0,0,0,0,0,0,0,0,0,2,0,1,18,0,0,0,5,0,0,0,0,0,0,0,0,0,0,0,0,1,3,3,0,0,0,0,3,0,2,0,0,1,0,0,0,0,0,0,2,0,0,0,0,0,46,0,0,0,0,1,0,0,0,0,0,0,0,0,0,0,0,0,2,0,0,0,0,0,0,0,4,4,0,0,0,0,0,0,2,0,0,0,0,0,0
2008,RS8C,C,0,3,0,0,0,0,0,0,0,1,0,0,0,0,0,0,0,1,0,0,0,2,0,0,1,0,0,0,0,20,0,0,0,0,0,0,0,5,2,15,0,5,0,0,27,0,0,1,0,0,0,0,0,0,0,0,0,0,0,0,18,0,0,0,0,0,0,0,1,0,0,0,0,0,1,2,0,0,0,0,0,0,0,0,0,0,0,0,0,0,0,2,0,5,10,0,0,0,0,0,0,0,0,0,0,0,0,0,0,0,0,0,1,5,0,0,0,0,1,0,6,0,0,1,0,0,0,0,0,0,0,0,0,0,0,0,33,0,0,0,0,2,0,0,0,0,0,0,0,0,1,0,0,0,3,0,0,0,0,0,0,0,2,0,0,0,0,2,0,0,1,0,0,0,0,0,0
2008,RS1LE,LE,0,33,0,0,2,0,2,0,0,1,0,0,0,0,0,0,0,0,0,0,0,4,0,0,0,0,0,0,0,8,0,0,0,0,0,0,2,11,0,10,0,6,0,0,2,0,0,0,0,2,0,0,0,0,0,0,0,0,0,0,13,0,0,0,0,0,0,0,2,0,0,0,0,0,0,10,0,0,3,0,0,0,0,0,0,0,0,0,0,0,3,2,0,2,16,0,1,0,3,0,0,0,0,0,0,0,0,0,0,0,0,0,2,2,0,0,1,0,1,0,12,0,0,0,0,0,0,0,0,1,0,0,0,0,0,0,70,0,0,0,0,1,0,0,0,0,0,0,0,0,2,0,0,0,0,0,0,0,0,0,0,0,7,23,0,0,0,0,2,0,3,0,0,0,0,0,0
2008,RS2LE,LE,0,26,0,0,4,0,2,0,0,0,0,0,0,0,0,0,0,3,0,1,0,1,0,0,1,0,0,0,0,11,0,0,0,3,0,1,0,9,3,9,2,3,0,0,3,0,0,1,0,1,0,0,0,0,0,0,0,0,0,0,11,0,0,0,0,0,0,0,3,0,0,0,0,0,8,7,0,0,9,0,0,0,0,1,0,0,0,0,0,0,3,1,0,1,27,0,0,0,8,0,0,0,0,0,0,0,0,0,0,0,0,2,6,9,0,0,0,0,0,0,17,0,0,0,0,0,0,0,0,0,4,0,0,0,0,0,56,0,0,0,0,3,0,0,0,0,0,0,0,0,0,0,0,0,0,0,0,0,0,0,0,0,3,13,0,0,0,0,0,0,3,0,0,0,0,0,0
2008,RS3LE,LE,0,48,0,0,0,0,11,0,0,3,0,0,0,0,0,0,0,0,0,0,0,1,0,1,0,0,0,0,0,7,0,0,0,2,0,0,3,1,0,11,0,1,0,0,3,0,0,0,0,2,0,0,0,0,0,0,0,0,5,3,11,0,0,0,0,0,0,4,2,0,0,0,0,0,1,6,0,2,11,1,0,0,0,0,0,0,0,3,0,0,0,5,0,14,22,0,1,0,4,0,0,0,0,0,0,0,0,0,0,0,0,0,0,3,0,1,1,0,0,0,41,0,0,0,0,0,0,0,0,0,1,0,0,0,9,0,45,0,0,2,0,1,0,0,1,0,0,0,0,0,0,0,0,0,0,0,0,0,0,0,0,0,9,12,0,0,0,4,3,0,4,0,0,0,0,0,0
2008,RS4LE,LE,3,10,0,0,0,0,0,0,0,2,0,0,0,0,0,0,0,0,0,0,0,5,0,0,0,0,0,0,0,10,0,0,0,0,0,0,1,4,0,12,0,4,1,0,6,0,0,0,0,1,0,0,0,0,0,0,0,0,0,0,3,0,0,0,0,2,0,2,4,0,0,0,1,0,3,9,0,2,5,0,0,0,0,0,0,0,0,0,0,0,1,0,0,5,3,0,0,0,4,0,0,0,0,0,0,0,0,1,0,0,0,2,7,0,0,0,0,0,0,0,2,0,0,4,0,0,0,0,0,3,4,0,0,0,1,0,51,0,0,0,0,2,2,0,0,0,0,0,0,0,0,0,0,0,0,0,0,0,0,0,0,5,6,2,0,0,0,0,4,0,4,0,0,0,0,0,0
2008,RS5LE,LE,0,10,0,0,2,0,1,0,0,4,0,1,0,0,0,0,0,0,0,0,0,9,0,1,0,0,0,0,0,14,0,0,0,0,0,2,2,5,0,14,2,6,0,0,4,0,0,0,0,2,0,0,0,0,0,1,0,0,0,0,5,0,0,0,0,2,0,3,4,0,1,0,0,0,4,2,0,3,4,0,0,0,0,0,0,0,0,0,0,0,0,0,0,1,32,0,0,0,8,0,0,0,0,0,0,1,0,2,0,0,0,4,7,0,0,0,0,0,0,0,1,0,0,1,0,1,0,0,0,1,3,0,0,0,0,0,35,0,0,1,0,3,0,0,0,0,0,0,0,0,0,0,0,0,1,0,0,0,0,0,0,2,3,2,0,0,0,1,2,0,3,0,0,0,3,0,0
2008,RS6LE,LE,0,14,0,0,1,0,2,0,0,1,0,0,0,0,0,0,0,0,0,0,0,0,0,0,0,0,0,0,0,22,0,0,0,0,0,0,3,10,1,6,1,9,0,0,3,0,0,1,0,2,0,0,0,0,0,0,0,0,0,0,6,0,0,0,0,0,0,1,7,0,0,0,0,0,3,5,0,0,2,0,0,0,0,0,0,0,0,0,0,0,1,1,0,1,11,0,0,0,0,0,0,0,0,0,2,0,0,2,0,0,0,0,3,1,0,0,0,1,0,0,10,0,0,1,0,7,0,0,0,2,2,0,0,0,0,0,70,0,0,2,0,2,0,0,0,0,0,0,0,0,0,0,0,0,7,0,0,0,0,0,0,4,4,11,0,0,0,1,2,0,5,0,0,0,0,0,0
2008,RS1UE,UE,0,42,0,0,0,0,3,0,0,1,0,0,0,0,0,0,0,0,0,0,0,0,0,0,0,0,0,0,0,14,0,0,0,0,0,0,0,11,0,5,0,3,0,1,8,0,0,1,0,0,0,0,0,0,0,0,0,1,0,0,9,0,0,0,0,0,0,0,2,0,0,0,0,0,0,10,0,0,1,0,0,0,0,0,0,0,0,0,0,0,0,6,0,0,6,0,0,0,5,0,0,0,0,0,0,0,0,0,0,0,0,0,1,0,0,2,0,0,2,0,8,0,0,3,0,0,0,0,0,1,0,0,0,0,0,0,64,0,0,0,0,3,0,0,0,0,0,0,0,0,3,0,0,0,0,0,0,0,0,0,0,0,7,10,0,0,0,0,1,0,0,0,0,0,0,0,0
2008,RS2UE,UE,0,23,0,0,1,0,1,0,0,3,0,1,5,0,0,0,0,3,0,0,0,11,0,0,1,0,0,0,0,9,0,0,0,4,0,0,4,4,2,4,1,7,0,0,4,0,0,0,0,0,0,0,0,0,0,0,0,0,0,0,12,0,0,0,0,0,0,0,3,0,0,0,0,0,11,15,0,5,2,0,0,0,0,0,1,0,0,0,0,0,5,1,0,3,18,0,0,0,14,0,0,0,0,0,0,0,0,0,0,0,0,13,2,15,0,0,0,0,0,0,17,0,0,0,0,0,0,0,0,1,4,0,0,0,0,0,34,0,0,0,0,1,0,0,0,0,0,0,0,0,0,0,0,0,0,0,0,1,0,0,0,0,8,12,0,0,0,0,1,0,2,0,0,0,0,0,0
2008,RS3UE,UE,2,15,0,0,0,0,2,1,0,3,0,0,0,0,0,0,0,0,0,0,0,1,0,0,0,0,0,3,0,2,0,0,0,0,15,0,2,4,0,9,0,2,0,3,5,0,0,0,0,1,0,0,0,0,0,0,0,0,9,2,11,0,0,0,0,2,0,2,5,0,0,0,0,0,0,8,0,3,3,7,0,0,0,0,0,0,0,1,0,0,2,4,0,4,29,0,0,0,4,0,0,0,0,0,0,2,0,0,0,0,0,0,3,3,1,0,5,0,0,1,34,2,0,1,0,0,1,0,0,0,0,0,0,0,4,0,63,0,0,0,0,1,0,0,0,3,0,0,0,0,2,0,0,0,0,0,0,0,0,0,0,0,9,22,0,0,0,1,3,0,1,0,0,0,0,0,2
2008,RS4UE,UE,0,7,0,0,0,0,0,0,0,2,0,0,0,0,0,3,0,0,0,0,0,2,0,2,0,0,0,0,0,5,0,0,0,0,0,0,2,2,0,14,0,0,0,0,14,0,0,0,0,2,0,0,0,0,0,0,0,1,0,0,2,0,8,0,0,4,0,0,1,0,0,0,0,0,1,6,0,2,3,0,0,0,0,0,0,0,0,0,0,0,2,0,0,1,4,0,0,0,8,0,0,0,0,0,0,0,0,5,0,0,0,3,2,0,0,0,0,5,0,0,2,0,0,2,0,0,0,0,0,0,7,1,0,0,0,0,37,0,0,0,0,2,0,0,0,0,0,0,0,0,0,0,0,0,0,0,0,0,0,0,0,3,6,5,0,0,0,0,0,0,8,0,0,0,0,0,0
2008,RS5UE,UE,0,14,0,0,2,0,2,0,0,0,0,1,3,0,0,0,0,0,0,0,0,2,6,2,0,0,0,0,0,18,0,0,0,0,0,1,2,8,0,4,1,2,0,0,3,0,0,0,0,1,0,0,0,0,1,0,0,1,2,0,7,0,0,0,0,0,0,1,4,0,0,0,0,0,3,3,0,5,5,0,0,0,0,0,0,0,0,0,0,0,0,0,0,2,18,0,0,0,5,0,0,0,0,0,0,0,0,2,0,0,0,6,0,0,0,0,0,0,2,0,3,0,0,0,0,0,0,0,0,1,3,0,0,0,1,0,56,0,0,0,0,2,0,0,0,1,0,0,0,0,0,0,0,0,2,0,0,0,0,0,0,1,2,4,0,0,0,0,2,0,1,0,0,0,0,0,2
2008,RS6UE,UE,2,7,0,0,1,0,1,0,0,1,0,1,0,1,0,1,0,0,0,0,0,10,0,0,0,0,0,0,0,5,1,0,3,0,0,0,2,17,0,3,0,4,0,2,4,0,0,1,0,3,0,0,0,0,1,0,0,1,0,0,2,0,0,0,1,1,0,0,3,0,0,2,2,0,2,2,0,3,2,0,0,0,0,0,0,0,0,0,0,0,1,0,0,1,24,0,0,0,4,0,0,0,0,0,2,0,0,0,0,0,0,2,2,0,0,0,0,0,0,0,4,0,0,2,0,15,0,0,0,1,6,0,0,0,1,0,44,0,0,1,0,2,0,0,0,1,0,0,0,0,6,0,0,0,0,0,0,0,0,0,0,0,3,6,0,0,0,0,2,0,6,0,0,0,0,0,2
2014,RS1C1,C,,,,,,,,,,,,,,,,,,,,,,,,,,,,,,,,,,,,,,,,,,,,,,,,,,,,,,,,,,,,,,,,,,,,,,,,,,,,,,,,,,,,,,,,,,,,,,,,,,,,,,,,,,,,,,,,,,,,,,,,,,,,,,,,,,,,,,,,,,,,,,,,,,,,,,,,,,,,,,,,,,,,,,,,,,,,,,,,,
2014,RS1C1,C,,,,,,,,,,,,,,,,,,,,,,,,,,,,,,,,,,,,,,,,,,,,,,,,,,,,,,,,,,,,,,,,,,,,,,,,,,,,,,,,,,,,,,,,,,,,,,,,,,,,,,,,,,,,,,,,,,,,,,,,,,,,,,,,,,,,,,,,,,,,,,,,,,,,,,,,,,,,,,,,,,,,,,,,,,,,,,,,,
2014,RS1C1,C,,,,,,,,,,,,,,,,,,,,,,,,,,,,,,,,,,,,,,,,,,,,,,,,,,,,,,,,,,,,,,,,,,,,,,,,,,,,,,,,,,,,,,,,,,,,,,,,,,,,,,,,,,,,,,,,,,,,,,,,,,,,,,,,,,,,,,,,,,,,,,,,,,,,,,,,,,,,,,,,,,,,,,,,,,,,,,,,,
2014,RS1LE,LE,,,,,,,,,,,,,,,,,,,,,,,,,,,,,,,,,,,,,,,,,,,,,,,,,,,,,,,,,,,,,,,,,,,,,,,,,,,,,,,,,,,,,,,,,,,,,,,,,,,,,,,,,,,,,,,,,,,,,,,,,,,,,,,,,,,,,,,,,,,,,,,,,,,,,,,,,,,,,,,,,,,,,,,,,,,,,,,,,
2014,RS1LE,LE,,,,,,,,,,,,,,,,,,,,,,,,,,,,,,,,,,,,,,,,,,,,,,,,,,,,,,,,,,,,,,,,,,,,,,,,,,,,,,,,,,,,,,,,,,,,,,,,,,,,,,,,,,,,,,,,,,,,,,,,,,,,,,,,,,,,,,,,,,,,,,,,,,,,,,,,,,,,,,,,,,,,,,,,,,,,,,,,,
2014,RS1LE,LE,,,,,,,,,,,,,,,,,,,,,,,,,,,,,,,,,,,,,,,,,,,,,,,,,,,,,,,,,,,,,,,,,,,,,,,,,,,,,,,,,,,,,,,,,,,,,,,,,,,,,,,,,,,,,,,,,,,,,,,,,,,,,,,,,,,,,,,,,,,,,,,,,,,,,,,,,,,,,,,,,,,,,,,,,,,,,,,,,
2014,RS1UE,UE,,,,,,,,,,,,,,,,,,,,,,,,,,,,,,,,,,,,,,,,,,,,,,,,,,,,,,,,,,,,,,,,,,,,,,,,,,,,,,,,,,,,,,,,,,,,,,,,,,,,,,,,,,,,,,,,,,,,,,,,,,,,,,,,,,,,,,,,,,,,,,,,,,,,,,,,,,,,,,,,,,,,,,,,,,,,,,,,,
2014,RS1UE,UE,,,,,,,,,,,,,,,,,,,,,,,,,,,,,,,,,,,,,,,,,,,,,,,,,,,,,,,,,,,,,,,,,,,,,,,,,,,,,,,,,,,,,,,,,,,,,,,,,,,,,,,,,,,,,,,,,,,,,,,,,,,,,,,,,,,,,,,,,,,,,,,,,,,,,,,,,,,,,,,,,,,,,,,,,,,,,,,,,
2014,RS1UE,UE,,,,,,,,,,,,,,,,,,,,,,,,,,,,,,,,,,,,,,,,,,,,,,,,,,,,,,,,,,,,,,,,,,,,,,,,,,,,,,,,,,,,,,,,,,,,,,,,,,,,,,,,,,,,,,,,,,,,,,,,,,,,,,,,,,,,,,,,,,,,,,,,,,,,,,,,,,,,,,,,,,,,,,,,,,,,,,,,,
2014,RS2C,C,,,,,,,,,,,,,,,,,,,,,,,,,,,,,,,,,,,,,,,,,,,,,,,,,,,,,,,,,,,,,,,,,,,,,,,,,,,,,,,,,,,,,,,,,,,,,,,,,,,,,,,,,,,,,,,,,,,,,,,,,,,,,,,,,,,,,,,,,,,,,,,,,,,,,,,,,,,,,,,,,,,,,,,,,,,,,,,,,
2014,RS2C,C,,,,,,,,,,,,,,,,,,,,,,,,,,,,,,,,,,,,,,,,,,,,,,,,,,,,,,,,,,,,,,,,,,,,,,,,,,,,,,,,,,,,,,,,,,,,,,,,,,,,,,,,,,,,,,,,,,,,,,,,,,,,,,,,,,,,,,,,,,,,,,,,,,,,,,,,,,,,,,,,,,,,,,,,,,,,,,,,,
2014,RS2C,C,,,,,,,,,,,,,,,,,,,,,,,,,,,,,,,,,,,,,,,,,,,,,,,,,,,,,,,,,,,,,,,,,,,,,,,,,,,,,,,,,,,,,,,,,,,,,,,,,,,,,,,,,,,,,,,,,,,,,,,,,,,,,,,,,,,,,,,,,,,,,,,,,,,,,,,,,,,,,,,,,,,,,,,,,,,,,,,,,
2014,RS2LE,LE,,,,,,,,,,,,,,,,,,,,,,,,,,,,,,,,,,,,,,,,,,,,,,,,,,,,,,,,,,,,,,,,,,,,,,,,,,,,,,,,,,,,,,,,,,,,,,,,,,,,,,,,,,,,,,,,,,,,,,,,,,,,,,,,,,,,,,,,,,,,,,,,,,,,,,,,,,,,,,,,,,,,,,,,,,,,,,,,,
2014,RS2LE,LE,,,,,,,,,,,,,,,,,,,,,,,,,,,,,,,,,,,,,,,,,,,,,,,,,,,,,,,,,,,,,,,,,,,,,,,,,,,,,,,,,,,,,,,,,,,,,,,,,,,,,,,,,,,,,,,,,,,,,,,,,,,,,,,,,,,,,,,,,,,,,,,,,,,,,,,,,,,,,,,,,,,,,,,,,,,,,,,,,
2014,RS2LE,LE,,,,,,,,,,,,,,,,,,,,,,,,,,,,,,,,,,,,,,,,,,,,,,,,,,,,,,,,,,,,,,,,,,,,,,,,,,,,,,,,,,,,,,,,,,,,,,,,,,,,,,,,,,,,,,,,,,,,,,,,,,,,,,,,,,,,,,,,,,,,,,,,,,,,,,,,,,,,,,,,,,,,,,,,,,,,,,,,,
2014,RS2UE,UE,,,,,,,,,,,,,,,,,,,,,,,,,,,,,,,,,,,,,,,,,,,,,,,,,,,,,,,,,,,,,,,,,,,,,,,,,,,,,,,,,,,,,,,,,,,,,,,,,,,,,,,,,,,,,,,,,,,,,,,,,,,,,,,,,,,,,,,,,,,,,,,,,,,,,,,,,,,,,,,,,,,,,,,,,,,,,,,,,
2014,RS2UE,UE,,,,,,,,,,,,,,,,,,,,,,,,,,,,,,,,,,,,,,,,,,,,,,,,,,,,,,,,,,,,,,,,,,,,,,,,,,,,,,,,,,,,,,,,,,,,,,,,,,,,,,,,,,,,,,,,,,,,,,,,,,,,,,,,,,,,,,,,,,,,,,,,,,,,,,,,,,,,,,,,,,,,,,,,,,,,,,,,,
2014,RS2UE,UE,,,,,,,,,,,,,,,,,,,,,,,,,,,,,,,,,,,,,,,,,,,,,,,,,,,,,,,,,,,,,,,,,,,,,,,,,,,,,,,,,,,,,,,,,,,,,,,,,,,,,,,,,,,,,,,,,,,,,,,,,,,,,,,,,,,,,,,,,,,,,,,,,,,,,,,,,,,,,,,,,,,,,,,,,,,,,,,,,
2014,RS3C,C,,,,,,,,,,,,,,,,,,,,,,,,,,,,,,,,,,,,,,,,,,,,,,,,,,,,,,,,,,,,,,,,,,,,,,,,,,,,,,,,,,,,,,,,,,,,,,,,,,,,,,,,,,,,,,,,,,,,,,,,,,,,,,,,,,,,,,,,,,,,,,,,,,,,,,,,,,,,,,,,,,,,,,,,,,,,,,,,,
2014,RS3C,C,,,,,,,,,,,,,,,,,,,,,,,,,,,,,,,,,,,,,,,,,,,,,,,,,,,,,,,,,,,,,,,,,,,,,,,,,,,,,,,,,,,,,,,,,,,,,,,,,,,,,,,,,,,,,,,,,,,,,,,,,,,,,,,,,,,,,,,,,,,,,,,,,,,,,,,,,,,,,,,,,,,,,,,,,,,,,,,,,
2014,RS3C,C,,,,,,,,,,,,,,,,,,,,,,,,,,,,,,,,,,,,,,,,,,,,,,,,,,,,,,,,,,,,,,,,,,,,,,,,,,,,,,,,,,,,,,,,,,,,,,,,,,,,,,,,,,,,,,,,,,,,,,,,,,,,,,,,,,,,,,,,,,,,,,,,,,,,,,,,,,,,,,,,,,,,,,,,,,,,,,,,,
2014,RS3UE,UE,,,,,,,,,,,,,,,,,,,,,,,,,,,,,,,,,,,,,,,,,,,,,,,,,,,,,,,,,,,,,,,,,,,,,,,,,,,,,,,,,,,,,,,,,,,,,,,,,,,,,,,,,,,,,,,,,,,,,,,,,,,,,,,,,,,,,,,,,,,,,,,,,,,,,,,,,,,,,,,,,,,,,,,,,,,,,,,,,
2014,RS3UE,UE,,,,,,,,,,,,,,,,,,,,,,,,,,,,,,,,,,,,,,,,,,,,,,,,,,,,,,,,,,,,,,,,,,,,,,,,,,,,,,,,,,,,,,,,,,,,,,,,,,,,,,,,,,,,,,,,,,,,,,,,,,,,,,,,,,,,,,,,,,,,,,,,,,,,,,,,,,,,,,,,,,,,,,,,,,,,,,,,,
2014,RS3UE,UE,,,,,,,,,,,,,,,,,,,,,,,,,,,,,,,,,,,,,,,,,,,,,,,,,,,,,,,,,,,,,,,,,,,,,,,,,,,,,,,,,,,,,,,,,,,,,,,,,,,,,,,,,,,,,,,,,,,,,,,,,,,,,,,,,,,,,,,,,,,,,,,,,,,,,,,,,,,,,,,,,,,,,,,,,,,,,,,,,
2014,RS4C,C,,,,,,,,,,,,,,,,,,,,,,,,,,,,,,,,,,,,,,,,,,,,,,,,,,,,,,,,,,,,,,,,,,,,,,,,,,,,,,,,,,,,,,,,,,,,,,,,,,,,,,,,,,,,,,,,,,,,,,,,,,,,,,,,,,,,,,,,,,,,,,,,,,,,,,,,,,,,,,,,,,,,,,,,,,,,,,,,,
2014,RS4C,C,,,,,,,,,,,,,,,,,,,,,,,,,,,,,,,,,,,,,,,,,,,,,,,,,,,,,,,,,,,,,,,,,,,,,,,,,,,,,,,,,,,,,,,,,,,,,,,,,,,,,,,,,,,,,,,,,,,,,,,,,,,,,,,,,,,,,,,,,,,,,,,,,,,,,,,,,,,,,,,,,,,,,,,,,,,,,,,,,
2014,RS4C,C,,,,,,,,,,,,,,,,,,,,,,,,,,,,,,,,,,,,,,,,,,,,,,,,,,,,,,,,,,,,,,,,,,,,,,,,,,,,,,,,,,,,,,,,,,,,,,,,,,,,,,,,,,,,,,,,,,,,,,,,,,,,,,,,,,,,,,,,,,,,,,,,,,,,,,,,,,,,,,,,,,,,,,,,,,,,,,,,,
2014,RS4UE,UE,,,,,,,,,,,,,,,,,,,,,,,,,,,,,,,,,,,,,,,,,,,,,,,,,,,,,,,,,,,,,,,,,,,,,,,,,,,,,,,,,,,,,,,,,,,,,,,,,,,,,,,,,,,,,,,,,,,,,,,,,,,,,,,,,,,,,,,,,,,,,,,,,,,,,,,,,,,,,,,,,,,,,,,,,,,,,,,,,
2014,RS4UE,UE,,,,,,,,,,,,,,,,,,,,,,,,,,,,,,,,,,,,,,,,,,,,,,,,,,,,,,,,,,,,,,,,,,,,,,,,,,,,,,,,,,,,,,,,,,,,,,,,,,,,,,,,,,,,,,,,,,,,,,,,,,,,,,,,,,,,,,,,,,,,,,,,,,,,,,,,,,,,,,,,,,,,,,,,,,,,,,,,,
2014,RS4UE,UE,,,,,,,,,,,,,,,,,,,,,,,,,,,,,,,,,,,,,,,,,,,,,,,,,,,,,,,,,,,,,,,,,,,,,,,,,,,,,,,,,,,,,,,,,,,,,,,,,,,,,,,,,,,,,,,,,,,,,,,,,,,,,,,,,,,,,,,,,,,,,,,,,,,,,,,,,,,,,,,,,,,,,,,,,,,,,,,,,
2014,RS5C,C,,,,,,,,,,,,,,,,,,,,,,,,,,,,,,,,,,,,,,,,,,,,,,,,,,,,,,,,,,,,,,,,,,,,,,,,,,,,,,,,,,,,,,,,,,,,,,,,,,,,,,,,,,,,,,,,,,,,,,,,,,,,,,,,,,,,,,,,,,,,,,,,,,,,,,,,,,,,,,,,,,,,,,,,,,,,,,,,,
2014,RS5C,C,,,,,,,,,,,,,,,,,,,,,,,,,,,,,,,,,,,,,,,,,,,,,,,,,,,,,,,,,,,,,,,,,,,,,,,,,,,,,,,,,,,,,,,,,,,,,,,,,,,,,,,,,,,,,,,,,,,,,,,,,,,,,,,,,,,,,,,,,,,,,,,,,,,,,,,,,,,,,,,,,,,,,,,,,,,,,,,,,
2014,RS5C,C,,,,,,,,,,,,,,,,,,,,,,,,,,,,,,,,,,,,,,,,,,,,,,,,,,,,,,,,,,,,,,,,,,,,,,,,,,,,,,,,,,,,,,,,,,,,,,,,,,,,,,,,,,,,,,,,,,,,,,,,,,,,,,,,,,,,,,,,,,,,,,,,,,,,,,,,,,,,,,,,,,,,,,,,,,,,,,,,,
2014,RS5LE,LE,,,,,,,,,,,,,,,,,,,,,,,,,,,,,,,,,,,,,,,,,,,,,,,,,,,,,,,,,,,,,,,,,,,,,,,,,,,,,,,,,,,,,,,,,,,,,,,,,,,,,,,,,,,,,,,,,,,,,,,,,,,,,,,,,,,,,,,,,,,,,,,,,,,,,,,,,,,,,,,,,,,,,,,,,,,,,,,,,
2014,RS5LE,LE,,,,,,,,,,,,,,,,,,,,,,,,,,,,,,,,,,,,,,,,,,,,,,,,,,,,,,,,,,,,,,,,,,,,,,,,,,,,,,,,,,,,,,,,,,,,,,,,,,,,,,,,,,,,,,,,,,,,,,,,,,,,,,,,,,,,,,,,,,,,,,,,,,,,,,,,,,,,,,,,,,,,,,,,,,,,,,,,,
2014,RS5UE,UE,,,,,,,,,,,,,,,,,,,,,,,,,,,,,,,,,,,,,,,,,,,,,,,,,,,,,,,,,,,,,,,,,,,,,,,,,,,,,,,,,,,,,,,,,,,,,,,,,,,,,,,,,,,,,,,,,,,,,,,,,,,,,,,,,,,,,,,,,,,,,,,,,,,,,,,,,,,,,,,,,,,,,,,,,,,,,,,,,
2014,RS5UE,UE,,,,,,,,,,,,,,,,,,,,,,,,,,,,,,,,,,,,,,,,,,,,,,,,,,,,,,,,,,,,,,,,,,,,,,,,,,,,,,,,,,,,,,,,,,,,,,,,,,,,,,,,,,,,,,,,,,,,,,,,,,,,,,,,,,,,,,,,,,,,,,,,,,,,,,,,,,,,,,,,,,,,,,,,,,,,,,,,,
2014,RS5UE,UE,,,,,,,,,,,,,,,,,,,,,,,,,,,,,,,,,,,,,,,,,,,,,,,,,,,,,,,,,,,,,,,,,,,,,,,,,,,,,,,,,,,,,,,,,,,,,,,,,,,,,,,,,,,,,,,,,,,,,,,,,,,,,,,,,,,,,,,,,,,,,,,,,,,,,,,,,,,,,,,,,,,,,,,,,,,,,,,,,
2014,RS5LE,LE,,,,,,,,,,,,,,,,,,,,,,,,,,,,,,,,,,,,,,,,,,,,,,,,,,,,,,,,,,,,,,,,,,,,,,,,,,,,,,,,,,,,,,,,,,,,,,,,,,,,,,,,,,,,,,,,,,,,,,,,,,,,,,,,,,,,,,,,,,,,,,,,,,,,,,,,,,,,,,,,,,,,,,,,,,,,,,,,,
