date,visit.num,cover,burn,point,lat,lon,start,end,wind,weather,species,a.v,dist,in.flight,invaded,ky.blue,cheat,brome
5/30/2016,2,F,M,110,42.665,103.51774,6:26,6:31,3,partly.cloud,howr,a,2,0,0,0,0,0
5/30/2016,2,F,M,110,42.665,103.51774,6:26,6:31,3,partly.cloud,weme,a,3,0,0,0,0,0
5/30/2016,2,F,M,110,42.665,103.51774,6:26,6:31,3,partly.cloud,weme,a,2,0,0,0,0,0
5/30/2016,2,F,M,110,42.665,103.51774,6:26,6:31,3,partly.cloud,modo,v,2,0,0,0,0,0
5/30/2016,2,F,M,110,42.665,103.51774,6:26,6:31,3,partly.cloud,bhco,v,2,1,0,0,0,0
5/30/2016,2,F,M,110,42.665,103.51774,6:26,6:31,3,partly.cloud,spto,a,4,0,0,0,0,0
5/30/2016,2,F,M,110,42.665,103.51774,6:26,6:31,3,partly.cloud,eaki,a,4,0,0,0,0,0
5/30/2016,2,F,L,206,42.66291,103.51837,6:42,6:47,2,clear,spto,v,1,0,0,0,0,0
5/30/2016,2,F,L,206,42.66291,103.51837,6:42,6:47,2,clear,howr,v,1,0,0,0,0,0
5/30/2016,2,F,L,206,42.66291,103.51837,6:42,6:47,2,clear,weme,a,3,0,0,0,0,0
5/30/2016,2,F,L,206,42.66291,103.51837,6:42,6:47,2,clear,weme,a,2,0,0,0,0,0
5/30/2016,2,F,L,206,42.66291,103.51837,6:42,6:47,2,clear,brbl,a,2,0,0,0,0,0
5/30/2016,2,F,L,206,42.66291,103.51837,6:42,6:47,2,clear,pija,a,2,0,0,0,0,0
5/30/2016,2,F,H,41,42.65867,103.51693,7:13,7:18,1,partly.cloud,weme,a,2,0,0,0,0,0
5/30/2016,2,F,H,41,42.65867,103.51693,7:13,7:18,1,partly.cloud,modo,a,4,0,0,0,0,0
5/30/2016,2,F,H,41,42.65867,103.51693,7:13,7:18,1,partly.cloud,spto,a,4,0,0,0,0,0
5/30/2016,2,F,L,208,42.65878,103.51983,7:27,7:32,2,clear,weme,a,3,0,3,1,0,1
5/30/2016,2,F,L,208,42.65878,103.51983,7:27,7:32,2,clear,weme,a,2,0,3,1,0,1
5/30/2016,2,F,L,208,42.65878,103.51983,7:27,7:32,2,clear,bhco,a,2,0,3,1,0,1
5/30/2016,2,F,L,208,42.65878,103.51983,7:27,7:32,2,clear,chsp,a,3,0,3,1,0,1
5/30/2016,2,F,H,37,42.65945,103.52153,7:34,7:48,2,partly.cloud,weme,v,2,0,0,0,0,0
5/30/2016,2,F,H,37,42.65945,103.52153,7:34,7:48,2,partly.cloud,bhco,v,2,0,0,0,0,0
5/30/2016,2,F,H,37,42.65945,103.52153,7:34,7:48,2,partly.cloud,bhco,v,2,0,0,0,0,0
5/30/2016,2,F,H,37,42.65945,103.52153,7:34,7:48,2,partly.cloud,ysfl,v,1,0,0,0,0,0
5/30/2016,2,F,H,37,42.65945,103.52153,7:34,7:48,2,partly.cloud,spto,a,4,0,0,0,0,0
5/30/2016,2,F,H,37,42.65945,103.52153,7:34,7:48,2,partly.cloud,rhwo,a,4,0,0,0,0,0
5/30/2016,2,F,M,203,42.65926,103.52838,8:09,8:14,2,partly.cloud,rhwo,v,3,0,0,0,0,0
5/30/2016,2,F,M,203,42.65926,103.52838,8:09,8:14,2,partly.cloud,rhwo,v,3,0,0,0,0,0
5/30/2016,2,F,M,203,42.65926,103.52838,8:09,8:14,2,partly.cloud,weme,a,1,0,0,0,0,0
5/30/2016,2,F,M,203,42.65926,103.52838,8:09,8:14,2,partly.cloud,lasp,v,1,0,0,0,0,0
5/30/2016,2,F,M,203,42.65926,103.52838,8:09,8:14,2,partly.cloud,spto,a,4,0,0,0,0,0
5/30/2016,2,F,M,203,42.65926,103.52838,8:09,8:14,2,partly.cloud,modo,a,4,0,0,0,0,0
5/30/2016,2,G,B,59,42.65918,103.52951,8:23,8:28,2,clear,weme,a,2,0,0,0,0,0
5/30/2016,2,G,B,59,42.65918,103.52951,8:23,8:28,2,clear,weme,a,2,0,0,0,0,0
5/30/2016,2,G,B,59,42.65918,103.52951,8:23,8:28,2,clear,rowr,a,4,0,0,0,0,0
5/30/2016,2,G,B,59,42.65918,103.52951,8:23,8:28,2,clear,ysfl,a,4,0,0,0,0,0
5/30/2016,2,F,M,66,,,8:37,8:42,3,clear,weme,a,2,0,0,0,0,0
5/30/2016,2,F,M,66,,,8:37,8:42,3,clear,weme,a,2,0,0,0,0,0
5/30/2016,2,F,M,66,,,8:37,8:42,3,clear,caki,v,1,0,0,0,0,0
5/30/2016,2,F,M,66,,,8:37,8:42,3,clear,lasp,v,2,0,0,0,0,0
5/30/2016,2,F,M,66,,,8:37,8:42,3,clear,bbma,v,1,0,0,0,0,0
5/30/2016,2,G,B,58,,,8:55,9:00,2,partly.cloud,weme,a,2,0,0,0,0,0
5/30/2016,2,G,B,58,,,8:55,9:00,2,partly.cloud,weme,a,2,0,0,0,0,0
5/30/2016,2,G,B,58,,,8:55,9:00,2,partly.cloud,modo,v,1,1,0,0,0,0
5/30/2016,2,G,B,58,,,8:55,9:00,2,partly.cloud,hawo,v,1,0,0,0,0,0
5/30/2016,2,F,M,205,,,9:11,9:16,2,partly.cloud,weme,v,2,0,0,0,0,0
5/30/2016,2,F,M,205,,,9:11,9:16,2,partly.cloud,weme,v,2,0,0,0,0,0
5/30/2016,2,F,M,205,,,9:11,9:16,2,partly.cloud,ysfl,a,4,0,0,0,0,0
5/30/2016,2,G,B,212,,,9:26,9:31,2,clear,weme,v,2,0,0,0,0,0
5/30/2016,2,G,B,212,,,9:26,9:31,2,clear,weme,v,3,0,0,0,0,0
5/30/2016,2,G,B,212,,,9:26,9:31,2,clear,modo,v,3,0,0,0,0,0
5/30/2016,2,G,B,211,,,9:44,9:49,2,clear,weme,a,2,0,0,0,0,0
5/31/2016,2,F,M,64,,,5:08,5:13,2,partly.cloud,weme,a,2,0,0,0,0,0
5/31/2016,2,F,M,64,,,5:08,5:13,2,partly.cloud,weme,a,3,0,0,0,0,0
5/31/2016,2,F,M,64,,,5:08,5:13,2,partly.cloud,bhco,v,2,1,0,0,0,0
5/31/2016,2,F,H,106,,,5:36,5:41,1,partly.cloud,weme,a,2,0,0,0,0,0
5/31/2016,2,F,H,106,,,5:36,5:41,1,partly.cloud,weme,a,3,0,0,0,0,0
5/31/2016,2,F,H,106,,,5:36,5:41,1,partly.cloud,mobl,v,2,0,0,0,0,0
5/31/2016,2,F,H,106,,,5:36,5:41,1,partly.cloud,bhco,v,3,0,0,0,0,0
5/31/2016,2,F,H,106,,,5:36,5:41,1,partly.cloud,bggn,a,4,0,0,0,0,0
5/31/2016,2,F,H,106,,,5:36,5:41,1,partly.cloud,modo,a,4,0,0,0,0,0
5/31/2016,2,F,H,106,,,5:36,5:41,1,partly.cloud,ysfl,a,4,0,0,0,0,0
5/31/2016,2,F,H,106,,,5:36,5:41,1,partly.cloud,rowr,a,4,0,0,0,0,0
5/31/2016,2,F,H,106,,,5:36,5:41,1,partly.cloud,coni,a,4,0,0,0,0,0
5/31/2016,1,F,L,45,,,5:53,5:58,0,partly.cloud,bggn,a,1,0,0,0,0,0
5/31/2016,1,F,L,45,,,5:53,5:58,0,partly.cloud,chsp,a,2,0,0,0,0,0
5/31/2016,1,F,L,45,,,5:53,5:58,0,partly.cloud,howr,a,2,0,0,0,0,0
5/31/2016,1,F,L,45,,,5:53,5:58,0,partly.cloud,ysfl,v,2,0,0,0,0,0
5/31/2016,1,F,L,45,,,5:53,5:58,0,partly.cloud,coni,a,4,0,0,0,0,0
5/31/2016,1,F,L,45,,,5:53,5:58,0,partly.cloud,bhco,a,4,0,0,0,0,0
5/31/2016,1,F,L,45,,,5:53,5:58,0,partly.cloud,modo,a,4,0,0,0,0,0
5/31/2016,1,F,L,45,,,5:53,5:58,0,partly.cloud,weme,a,4,0,0,0,0,0
5/31/2016,1,F,L,45,,,5:53,5:58,0,partly.cloud,rowr,a,4,0,0,0,0,0
5/31/2016,1,F,L,45,,,5:53,5:58,0,partly.cloud,prfa,a,4,0,0,0,0,0
5/31/2016,1,F,L,45,,,5:53,5:58,0,partly.cloud,lasp,a,4,0,0,0,0,0
5/31/2016,2,F,L,215,,,6:25,6:30,2,partly.cloud,bggn,v,1,0,0,0,0,0
5/31/2016,2,F,L,215,,,6:25,6:30,2,partly.cloud,bhco,v,2,0,0,0,0,0
5/31/2016,2,F,L,215,,,6:25,6:30,2,partly.cloud,bhco,v,2,0,0,0,0,0
5/31/2016,2,F,L,215,,,6:25,6:30,2,partly.cloud,bhco,v,1,0,0,0,0,0
5/31/2016,2,F,L,215,,,6:25,6:30,2,partly.cloud,modo,v,1,0,0,0,0,0
5/31/2016,2,F,L,215,,,6:25,6:30,2,partly.cloud,pija,a,2,0,0,0,0,0
5/31/2016,2,F,L,215,,,6:25,6:30,2,partly.cloud,amgo,v,2,0,0,0,0,0
5/31/2016,2,F,L,215,,,6:25,6:30,2,partly.cloud,amgo,v,2,0,0,0,0,0
5/31/2016,2,F,L,215,,,6:25,6:30,2,partly.cloud,amgo,v,2,0,0,0,0,0
5/31/2016,2,F,L,215,,,6:25,6:30,2,partly.cloud,caki,v,3,0,0,0,0,0
5/31/2016,2,F,L,215,,,6:25,6:30,2,partly.cloud,spto,a,3,0,0,0,0,0
5/31/2016,2,F,L,215,,,6:25,6:30,2,partly.cloud,weme,a,4,0,0,0,0,0
5/31/2016,2,F,H,42,,,6:49,6:54,2,partly.cloud,weme,a,2,0,0,0,0,0
5/31/2016,2,F,H,42,,,6:49,6:54,2,partly.cloud,weme,v,1,0,0,0,0,0
5/31/2016,2,F,H,42,,,6:49,6:54,2,partly.cloud,caki,a,4,0,0,0,0,0
5/31/2016,2,F,H,42,,,6:49,6:54,2,partly.cloud,rowr,a,4,0,0,0,0,0
5/31/2016,2,F,H,42,,,6:49,6:54,2,partly.cloud,wwpe,a,4,0,0,0,0,0
5/31/2016,2,F,M,65,,,7:05,7:10,1,partly.cloud,weme,a,2,0,0,0,0,0
5/31/2016,2,F,M,65,,,7:05,7:10,1,partly.cloud,weme,a,2,0,0,0,0,0
5/31/2016,2,F,M,65,,,7:05,7:10,1,partly.cloud,spto,a,3,0,0,0,0,0
5/31/2016,2,F,M,65,,,7:05,7:10,1,partly.cloud,bhco,v,3,1,0,0,0,0
5/31/2016,2,F,M,65,,,7:05,7:10,1,partly.cloud,howr,a,4,0,0,0,0,0
5/31/2016,2,F,M,65,,,7:05,7:10,1,partly.cloud,coni,a,4,0,0,0,0,0
5/31/2016,2,F,M,65,,,7:05,7:10,1,partly.cloud,caki,a,4,0,0,0,0,0
5/31/2016,2,F,M,65,,,7:05,7:10,1,partly.cloud,eaki,a,4,0,0,0,0,0
5/31/2016,2,F,L,43,,,7:28,7:33,3,partly.cloud,chsp,a,2,0,0,0,0,0
5/31/2016,2,F,L,43,,,7:28,7:33,3,partly.cloud,weme,a,2,0,0,0,0,0
5/31/2016,2,F,L,43,,,7:28,7:33,3,partly.cloud,spto,a,2,0,0,0,0,0
5/31/2016,2,F,L,43,,,7:28,7:33,3,partly.cloud,bhco,v,3,0,0,0,0,0
5/31/2016,2,F,L,43,,,7:28,7:33,3,partly.cloud,bhco,v,3,0,0,0,0,0
5/31/2016,2,F,L,43,,,7:28,7:33,3,partly.cloud,bggn,a,2,0,0,0,0,0
5/31/2016,2,F,L,43,,,7:28,7:33,3,partly.cloud,amgo,v,2,0,0,0,0,0
5/31/2016,2,F,L,43,,,7:28,7:33,3,partly.cloud,modo,a,4,0,0,0,0,0
5/31/2016,2,F,L,43,,,7:28,7:33,3,partly.cloud,rowr,a,4,0,0,0,0,0
5/31/2016,2,F,H,200,,,7:45,7:50,2,partly.cloud,weme,a,2,0,0,0,0,0
5/31/2016,2,F,H,200,,,7:45,7:50,2,partly.cloud,howr,a,3,0,0,0,0,0
5/31/2016,2,F,H,200,,,7:45,7:50,2,partly.cloud,bhco,v,2,0,0,0,0,0
5/31/2016,2,F,H,200,,,7:45,7:50,2,partly.cloud,caki,a,4,0,0,0,0,0
5/31/2016,2,F,H,200,,,7:45,7:50,2,partly.cloud,amgo,a,4,0,0,0,0,0
5/31/2016,2,F,H,200,,,7:45,7:50,2,partly.cloud,bhgr,a,4,0,0,0,0,0
5/31/2016,2,F,H,38,,,8:06,8:11,3,clear,weme,a,2,0,0,0,0,0
5/31/2016,2,F,H,38,,,8:06,8:11,3,clear,brbl,v,2,0,0,0,0,0
5/31/2016,2,F,H,38,,,8:06,8:11,3,clear,brbl,v,2,0,0,0,0,0
5/31/2016,2,F,H,38,,,8:06,8:11,3,clear,brbl,v,2,0,0,0,0,0
5/31/2016,2,F,H,38,,,8:06,8:11,3,clear,brbl,v,2,0,0,0,0,0
5/31/2016,2,F,H,38,,,8:06,8:11,3,clear,eaki,v,2,1,0,0,0,0
5/31/2016,2,F,H,38,,,8:06,8:11,3,clear,eaki,v,2,1,0,0,0,0
5/31/2016,2,F,H,38,,,8:06,8:11,3,clear,eabl,v,2,0,0,0,0,0
5/31/2016,2,F,H,38,,,8:06,8:11,3,clear,bhco,a,4,0,0,0,0,0
5/31/2016,2,F,H,38,,,8:06,8:11,3,clear,bhgr,a,4,0,0,0,0,0
5/31/2016,2,F,M,63,,,8:30,8:35,4,clear,rtha,v,2,0,0,0,0,0
5/31/2016,2,F,M,63,,,8:30,8:35,4,clear,caki,v,2,0,0,0,0,0
5/31/2016,2,F,M,63,,,8:30,8:35,4,clear,weme,a,3,0,0,0,0,0
5/31/2016,2,F,M,63,,,8:30,8:35,4,clear,brbl,a,2,0,0,0,0,0
5/31/2016,2,F,M,63,,,8:30,8:35,4,clear,amro,v,2,0,0,0,0,0
5/31/2016,2,F,M,63,,,8:30,8:35,4,clear,bhco,v,3,0,0,0,0,0
5/31/2016,2,F,M,63,,,8:30,8:35,4,clear,howr,a,4,0,0,0,0,0
5/31/2016,2,F,L,207,,,8:48,8:53,4,clear,caki,v,1,0,0,0,0,0
5/31/2016,2,F,L,207,,,8:48,8:53,4,clear,caki,v,1,0,0,0,0,0
5/31/2016,2,F,L,207,,,8:48,8:53,4,clear,weme,a,2,0,0,0,0,0
5/31/2016,2,F,L,207,,,8:48,8:53,4,clear,howr,a,4,0,0,0,0,0
5/31/2016,2,F,L,207,,,8:48,8:53,4,clear,rowr,a,4,0,0,0,0,0
5/31/2016,2,F,H,202,,,9:04,9:09,4,partly.cloud,weme,a,2,0,0,0,0,0
6/1/2016,2,F,H,201,,,4:58,5:03,1,partly.cloud,weme,a,2,0,0,0,0,0
6/1/2016,2,F,H,201,,,4:58,5:03,1,partly.cloud,eabl,a,3,0,0,0,0,0
6/1/2016,2,F,H,201,,,4:58,5:03,1,partly.cloud,spto,a,3,0,0,0,0,0
6/1/2016,2,F,H,201,,,4:58,5:03,1,partly.cloud,brbl,v,2,0,0,0,0,0
6/1/2016,2,F,H,201,,,4:58,5:03,1,partly.cloud,wwpe,a,4,0,0,0,0,0
6/1/2016,2,F,H,201,,,4:58,5:03,1,partly.cloud,modo,a,4,0,0,0,0,0
6/1/2016,2,F,H,201,,,4:58,5:03,1,partly.cloud,howr,a,4,0,0,0,0,0
6/1/2016,2,F,L,210,,,5:21,5:26,1,partly.cloud,brbl,v,2,0,0,0,0,0
6/1/2016,2,F,L,210,,,5:21,5:26,1,partly.cloud,rowr,a,3,0,0,0,0,0
6/1/2016,2,F,L,210,,,5:21,5:26,1,partly.cloud,spto,v,3,0,0,0,0,0
6/1/2016,2,F,L,210,,,5:21,5:26,1,partly.cloud,howr,a,2,0,0,0,0,0
6/1/2016,2,F,L,210,,,5:21,5:26,1,partly.cloud,mobl,v,2,0,0,0,0,0
6/1/2016,2,F,L,210,,,5:21,5:26,1,partly.cloud,modo,a,4,0,0,0,0,0
6/1/2016,2,F,L,210,,,5:21,5:26,1,partly.cloud,weme,a,4,0,0,0,0,0
6/1/2016,2,F,L,210,,,5:21,5:26,1,partly.cloud,caki,a,4,0,0,0,0,0
6/1/2016,2,F,M,204,,,5:45,5:50,1,partly.cloud,brbl,v,1,0,0,0,0,0
6/1/2016,2,F,M,204,,,5:45,5:50,1,partly.cloud,weme,v,1,0,0,0,0,0
6/1/2016,2,F,M,204,,,5:45,5:50,1,partly.cloud,brbl,v,1,0,0,0,0,0
6/1/2016,2,F,M,204,,,5:45,5:50,1,partly.cloud,brbl,v,1,0,0,0,0,0
6/1/2016,2,F,M,204,,,5:45,5:50,1,partly.cloud,brbl,v,1,0,0,0,0,0
6/1/2016,2,G,B,57,,,6:00,6:05,1,partly.cloud,weme,a,2,0,0,0,0,0
6/1/2016,2,G,B,57,,,6:00,6:05,1,partly.cloud,brbl,v,1,1,0,0,0,0
6/1/2016,2,G,B,57,,,6:00,6:05,1,partly.cloud,lasp,v,2,0,0,0,0,0
6/1/2016,2,G,B,57,,,6:00,6:05,1,partly.cloud,modo,a,4,0,0,0,0,0
6/1/2016,2,G,B,57,,,6:00,6:05,1,partly.cloud,yewa,a,4,0,0,0,0,0
6/1/2016,2,G,B,57,,,6:00,6:05,1,partly.cloud,coni,a,4,0,0,0,0,0
6/1/2016,2,G,B,214,,,6:26,6:31,1,partly.cloud,weme,a,2,0,0,0,0,0
6/1/2016,2,G,B,214,,,6:26,6:31,1,partly.cloud,pija,v,2,0,0,0,0,0
6/1/2016,2,G,B,214,,,6:26,6:31,1,partly.cloud,coni,a,4,0,0,0,0,0
6/1/2016,2,G,B,214,,,6:26,6:31,1,partly.cloud,spto,a,4,0,0,0,0,0
6/1/2016,2,G,B,214,,,6:26,6:31,1,partly.cloud,bhco,a,4,0,0,0,0,0
6/1/2016,2,G,B,214,,,6:26,6:31,1,partly.cloud,eaki,a,4,0,0,0,0,0
6/1/2016,2,G,B,55,,,6:44,6:49,1,partly.cloud,weme,a,3,0,0,0,0,0
6/1/2016,2,G,B,55,,,6:44,6:49,1,partly.cloud,weme,a,2,0,0,0,0,0
6/1/2016,2,G,B,55,,,6:44,6:49,1,partly.cloud,modo,a,4,0,0,0,0,0
6/1/2016,2,G,B,55,,,6:44,6:49,1,partly.cloud,coni,a,4,0,0,0,0,0
6/1/2016,2,G,B,55,,,6:44,6:49,1,partly.cloud,bcch,a,4,0,0,0,0,0
6/1/2016,2,G,B,55,,,6:44,6:49,1,partly.cloud,amro,a,4,0,0,0,0,0
6/1/2016,2,G,B,55,,,6:44,6:49,1,partly.cloud,wwpe,a,4,0,0,0,0,0
6/1/2016,2,G,B,55,,,6:44,6:49,1,partly.cloud,caki,a,4,0,0,0,0,0
6/1/2016,2,G,B,55,,,6:44,6:49,1,partly.cloud,bhco,a,4,0,0,0,0,0
6/1/2016,2,G,B,55,,,6:44,6:49,1,partly.cloud,howr,a,4,0,0,0,0,0
6/1/2016,2,F,H,40,,,7:06,7:11,0,partly.cloud,weme,a,3,0,0,0,0,0
6/1/2016,2,F,H,40,,,7:06,7:11,0,partly.cloud,weme,a,3,0,0,0,0,0
6/1/2016,2,F,H,40,,,7:06,7:11,0,partly.cloud,rowr,a,2,0,0,0,0,0
6/1/2016,2,F,H,40,,,7:06,7:11,0,partly.cloud,ysfl,v,2,0,0,0,0,0
6/1/2016,2,F,H,40,,,7:06,7:11,0,partly.cloud,brbl,a,4,0,0,0,0,0
6/1/2016,2,F,H,40,,,7:06,7:11,0,partly.cloud,eaki,a,4,0,0,0,0,0
6/1/2016,2,F,H,40,,,7:06,7:11,0,partly.cloud,pija,a,4,0,0,0,0,0
6/1/2016,2,F,L,45,,,7:49,7:54,0,partly.cloud,bggn,v,1,0,0,0,0,0
6/1/2016,2,F,L,45,,,7:49,7:54,0,partly.cloud,bhco,a,2,0,0,0,0,0
6/1/2016,2,F,L,45,,,7:49,7:54,0,partly.cloud,amgo,a,1,0,0,0,0,0
6/1/2016,2,F,L,45,,,7:49,7:54,0,partly.cloud,coni,a,4,0,0,0,0,0
6/1/2016,2,F,L,45,,,7:49,7:54,0,partly.cloud,modo,a,4,0,0,0,0,0
6/1/2016,2,F,L,45,,,7:49,7:54,0,partly.cloud,weme,a,4,0,0,0,0,0
6/1/2016,2,F,M,61,,,9:13,9:18,2,clear,weme,a,2,0,0,0,0,0
6/1/2016,2,F,M,61,,,9:13,9:18,2,clear,rowr,a,4,0,0,0,0,0
6/1/2016,2,F,L,46,,,9:33,9:38,2,partly.cloud,weme,a,3,0,0,0,0,0
6/1/2016,2,F,L,46,,,9:33,9:38,2,partly.cloud,ysfl,v,3,0,0,0,0,0
6/1/2016,2,F,L,46,,,9:33,9:38,2,partly.cloud,amgo,v,2,0,0,0,0,0
6/1/2016,2,F,L,46,,,9:33,9:38,2,partly.cloud,bbma,a,3,0,0,0,0,0
6/1/2016,2,F,L,46,,,9:33,9:38,2,partly.cloud,eaph,a,4,0,0,0,0,0
6/1/2016,2,F,L,44,,,9:53,9:58,2,partly.cloud,bhco,v,2,0,0,0,0,0
6/1/2016,2,F,L,44,,,9:53,9:58,2,partly.cloud,rhwo,v,2,0,0,0,0,0
6/1/2016,2,F,L,44,,,9:53,9:58,2,partly.cloud,rowr,a,2,0,0,0,0,0
6/1/2016,2,F,L,44,,,9:53,9:58,2,partly.cloud,spto,a,3,0,0,0,0,0
6/1/2016,2,F,L,44,,,9:53,9:58,2,partly.cloud,bbma,v,3,0,0,0,0,0
6/1/2016,2,F,L,44,,,9:53,9:58,2,partly.cloud,weme,a,3,0,0,0,0,0
6/1/2016,2,F,L,44,,,9:53,9:58,2,partly.cloud,lasp,a,3,0,0,0,0,0
5/28/2016,1,F,U,31,42.68393,103.45626,9:04,9:09,2,clear,rbnu,v,1,0,0,0,0,0
5/28/2016,1,F,U,31,42.68393,103.45626,9:04,9:09,2,clear,howr,a,3,0,0,0,0,0
5/28/2016,1,F,H,106,42.65449,103.53746,10:08,10:13,2,clear,rowr,a,3,0,0,1,0,0
5/28/2016,1,F,H,106,42.65449,103.53746,10:08,10:13,2,clear,weme,a,2,0,0,1,0,0
5/28/2016,1,F,H,106,42.65449,103.53746,10:08,10:13,2,clear,mobl,v,2,0,0,1,0,0
5/28/2016,1,F,H,106,42.65449,103.53746,10:08,10:13,2,clear,modo,v,2,0,0,1,0,0
5/28/2016,1,F,H,106,42.65449,103.53746,10:08,10:13,2,clear,ysfl,a,4,0,0,1,0,0
5/28/2016,1,G,U,53,42.68052,103.46231,7:00,7:05,1,clear,chsp,v,2,0,0,0,1,0
5/28/2016,1,G,U,53,42.68052,103.46231,7:00,7:05,1,clear,weme,a,3,0,0,0,1,0
5/28/2016,1,G,U,53,42.68052,103.46231,7:00,7:05,1,clear,lasp,v,1,0,0,0,1,0
5/28/2016,1,G,U,53,42.68052,103.46231,7:00,7:05,1,clear,swallow,v,1,0,0,0,1,0
5/28/2016,1,G,U,53,42.68052,103.46231,7:00,7:05,1,clear,spto,a,4,0,0,0,1,0
5/28/2016,1,G,U,53,42.68052,103.46231,7:00,7:05,1,clear,eabl,a,4,0,0,0,1,0
5/28/2016,1,G,U,53,42.68052,103.46231,7:00,7:05,1,clear,weki,a,4,0,0,0,1,0
5/28/2016,1,G,U,53,42.68052,103.46231,7:00,7:05,1,clear,coni,a,4,0,0,0,1,0
5/28/2016,1,G,U,53,42.68052,103.46231,7:00,7:05,1,clear,bhco,a,4,0,0,0,1,0
5/28/2016,1,F,U,302,42.68268,103.4629,7:21,7:26,0,clear,howr,a,2,0,0,0,0,0
5/28/2016,1,F,U,302,42.68268,103.4629,7:21,7:26,0,clear,howr,a,3,0,0,0,0,0
5/28/2016,1,F,U,302,42.68268,103.4629,7:21,7:26,0,clear,auwa,a,2,0,0,0,0,0
5/28/2016,1,F,U,302,42.68268,103.4629,7:21,7:26,0,clear,chsp,a,3,0,0,0,0,0
5/28/2016,1,F,U,302,42.68268,103.4629,7:21,7:26,0,clear,cewa,a,2,1,0,0,0,0
5/28/2016,1,F,U,302,42.68268,103.4629,7:21,7:26,0,clear,cewa,a,2,1,0,0,0,0
5/28/2016,1,F,U,302,42.68268,103.4629,7:21,7:26,0,clear,coni,a,3,0,0,0,0,0
5/28/2016,1,F,U,302,42.68268,103.4629,7:21,7:26,0,clear,eabl,a,4,0,0,0,0,0
5/28/2016,1,F,U,302,42.68268,103.4629,7:21,7:26,0,clear,amcr,a,4,0,0,0,0,0
5/28/2016,1,G,U,304,42.6753,103.45166,5:53,5:58,2,clear,weme,a,3,0,0,1,1,0
5/28/2016,1,G,U,304,42.6753,103.45166,5:53,5:58,2,clear,lasp,v,2,0,0,1,1,0
5/28/2016,1,G,U,304,42.6753,103.45166,5:53,5:58,2,clear,yewa,a,4,0,0,1,1,0
5/28/2016,1,G,U,304,42.6753,103.45166,5:53,5:58,2,clear,bhco,a,4,0,0,1,1,0
5/28/2016,1,G,U,304,42.6753,103.45166,5:53,5:58,2,clear,cogr,a,4,0,0,1,1,0
5/28/2016,1,G,U,304,42.6753,103.45166,5:53,5:58,2,clear,amgo,a,4,0,0,1,1,0
5/28/2016,1,G,U,304,42.6753,103.45166,5:53,5:58,2,clear,amcr,a,4,0,0,1,1,0
5/28/2016,1,G,U,108,42.67966,106.45107,5:33,5:38,1,clear,grsp,a,3,0,0,0,0,0
5/28/2016,1,G,U,108,42.67966,106.45107,5:33,5:38,1,clear,lasp,v,1,0,0,0,0,0
5/28/2016,1,G,U,108,42.67966,106.45107,5:33,5:38,1,clear,lasp,v,1,0,0,0,0,0
5/28/2016,1,G,U,108,42.67966,106.45107,5:33,5:38,1,clear,lasp,v,1,0,0,0,0,0
5/28/2016,1,G,U,108,42.67966,106.45107,5:33,5:38,1,clear,spto,a,4,0,0,0,0,0
5/28/2016,1,G,U,108,42.67966,106.45107,5:33,5:38,1,clear,weme,a,4,0,0,0,0,0
5/28/2016,1,G,U,306,42.67742,103.4599,6:16,6:21,1,clear,weme,a,2,0,0,0,1,1
5/28/2016,1,G,U,306,42.67742,103.4599,6:16,6:21,1,clear,weme,a,3,0,0,0,1,1
5/28/2016,1,G,U,306,42.67742,103.4599,6:16,6:21,1,clear,grsp,a,3,0,0,0,1,1
5/28/2016,1,G,U,306,42.67742,103.4599,6:16,6:21,1,clear,bhco,v,3,1,0,0,1,1
5/28/2016,1,G,U,306,42.67742,103.4599,6:16,6:21,1,clear,weki,v,2,0,0,0,1,1
5/28/2016,1,F,U,33,42.67845,103.45789,6:34,6:39,0,clear,howr,a,2,0,0,0,0,0
5/28/2016,1,F,U,33,42.67845,103.45789,6:34,6:39,0,clear,howr,a,2,0,0,0,0,0
5/28/2016,1,F,U,33,42.67845,103.45789,6:34,6:39,0,clear,modo,v,1,0,0,0,0,0
5/28/2016,1,F,U,33,42.67845,103.45789,6:34,6:39,0,clear,bhco,a,1,0,0,0,0,0
5/28/2016,1,F,U,33,42.67845,103.45789,6:34,6:39,0,clear,bhco,a,2,0,0,0,0,0
5/28/2016,1,F,U,33,42.67845,103.45789,6:34,6:39,0,clear,bhgr,v,2,0,0,0,0,0
5/28/2016,1,F,U,33,42.67845,103.45789,6:34,6:39,0,clear,amgo,a,3,0,0,0,0,0
5/28/2016,1,F,U,33,42.67845,103.45789,6:34,6:39,0,clear,weki,a,3,0,0,0,0,0
5/28/2016,1,F,U,33,42.67845,103.45789,6:34,6:39,0,clear,weki,a,2,0,0,0,0,0
5/28/2016,1,F,U,33,42.67845,103.45789,6:34,6:39,0,clear,amcr,v,3,1,0,0,0,0
5/28/2016,1,F,U,33,42.67845,103.45789,6:34,6:39,0,clear,yewa,a,3,0,0,0,0,0
5/28/2016,1,G,U,52,42.6801,103.45736,9:45,9:50,1,clear,weki,v,2,0,0,0,0,0
5/28/2016,1,G,U,52,42.6801,103.45736,9:45,9:50,1,clear,weme,a,4,0,0,0,0,0
5/28/2016,1,G,U,52,42.6801,103.45736,9:45,9:50,1,clear,bcch,a,4,0,0,0,0,0
5/28/2016,1,G,U,52,42.6801,103.45736,9:45,9:50,1,clear,coni,a,4,0,0,0,0,0
5/28/2016,1,G,U,52,42.6801,103.45736,9:45,9:50,1,clear,spto,a,4,0,0,0,0,0
5/28/2016,1,G,U,52,42.6801,103.45736,9:45,9:50,1,clear,modo,a,4,0,0,0,0,0
5/28/2016,1,G,U,52,42.6801,103.45736,9:45,9:50,1,clear,cewa,a,4,0,0,0,0,0
5/28/2016,1,G,U,54,42.68338,103.45205,9:23,9:28,2,clear,spto,a,3,0,0,0,1,0
5/28/2016,1,G,U,54,42.68338,103.45205,9:23,9:28,2,clear,spto,a,3,0,0,0,1,0
5/28/2016,1,G,U,54,42.68338,103.45205,9:23,9:28,2,clear,weki,a,3,0,0,0,1,0
5/28/2016,1,G,U,54,42.68338,103.45205,9:23,9:28,2,clear,bcch,a,3,0,0,0,1,0
5/28/2016,1,G,U,54,42.68338,103.45205,9:23,9:28,2,clear,rbnu,a,3,0,0,0,1,0
5/28/2016,1,G,U,54,42.68338,103.45205,9:23,9:28,2,clear,rodo,a,3,0,0,0,1,0
5/28/2016,1,F,U,36,42.68392,103.45972,8:31,8:36,2,clear,rowr,a,2,0,0,0,0,0
5/28/2016,1,F,U,36,42.68392,103.45972,8:31,8:36,2,clear,cewa,a,2,0,0,0,0,0
5/28/2016,1,F,U,36,42.68392,103.45972,8:31,8:36,2,clear,prfa,a,4,0,0,0,0,0
5/28/2016,1,F,U,36,42.68392,103.45972,8:31,8:36,2,clear,auwa,a,4,0,0,0,0,0
5/28/2016,1,G,U,49,42.68427,103.46561,7:45,7:50,0,clear,eaki,v,2,0,0,0,0,0
5/28/2016,1,G,U,49,42.68427,103.46561,7:45,7:50,0,clear,lasp,v,2,0,0,0,0,0
5/28/2016,1,G,U,49,42.68427,103.46561,7:45,7:50,0,clear,lasp,v,2,0,0,0,0,0
5/28/2016,1,G,U,49,42.68427,103.46561,7:45,7:50,0,clear,howr,a,4,0,0,0,0,0
5/28/2016,1,G,U,49,42.68427,103.46561,7:45,7:50,0,clear,eabl,a,4,0,0,0,0,0
5/28/2016,1,G,U,49,42.68427,103.46561,7:45,7:50,0,clear,weme,a,4,0,0,0,0,0
5/28/2016,1,G,U,49,42.68427,103.46561,7:45,7:50,0,clear,spto,a,4,0,0,0,0,0
5/28/2016,1,G,U,305,42.68019,103.44676,5:16,5:21,0,clear,amgo,a,4,0,0,0,0,0
5/28/2016,1,G,U,305,42.68019,103.44676,5:16,5:21,0,clear,weme,a,4,0,0,0,0,0
5/28/2016,1,G,U,305,42.68019,103.44676,5:16,5:21,0,clear,spto,a,4,0,0,0,0,0
5/28/2016,1,G,U,305,42.68019,103.44676,5:16,5:21,0,clear,wbnu,a,4,0,0,0,0,0
5/28/2016,1,G,U,50,42.68517,103.47559,10:18,10:23,3,partly.cloud,weme,v,3,0,0,0,0,0
5/26/2016,1,F,M,66,42.65838,103.53022,10:14,10:19,3,clear,weme,v,2,0,0,0,0,0
5/26/2016,1,F,M,66,42.65838,103.53022,10:14,10:19,3,clear,weme,v,3,0,0,0,0,0
5/26/2016,1,F,M,66,42.65838,103.53022,10:14,10:19,3,clear,rowr,a,4,0,0,0,0,0
5/27/2016,1,G,B,213,42.66758,103.51943,5:37,5:42,1,partly.cloud,weme,v,2,0,0,0,0,0
5/27/2016,1,G,B,213,42.66758,103.51943,5:37,5:42,1,partly.cloud,eaki,v,1,1,0,0,0,0
5/27/2016,1,G,B,213,42.66758,103.51943,5:37,5:42,1,partly.cloud,eaki,v,1,1,0,0,0,0
5/27/2016,1,F,U,35,42.68823,103.46409,9:18,9:23,2,cloudy,eabl,a,2,0,0,0,0,0
5/27/2016,1,F,U,35,42.68823,103.46409,9:18,9:23,2,cloudy,auwa,a,2,0,0,0,0,0
5/27/2016,1,F,U,35,42.68823,103.46409,9:18,9:23,2,cloudy,plvi,v,2,0,0,0,0,0
5/27/2016,1,F,U,35,42.68823,103.46409,9:18,9:23,2,cloudy,bcch,v,2,0,0,0,0,0
5/27/2016,1,F,U,34,42.68705,103.46219,9:39,9:44,3,cloudy,eabl,a,2,0,0,0,0,0
5/27/2016,1,F,U,34,42.68705,103.46219,9:39,9:44,3,cloudy,bhco,a,4,0,0,0,0,0
5/27/2016,1,F,U,34,42.68705,103.46219,9:39,9:44,3,cloudy,wbnu,a,4,0,0,0,0,0
5/27/2016,1,F,U,34,42.68705,103.46219,9:39,9:44,3,cloudy,amcr,a,4,0,0,0,0,0
5/27/2016,1,F,L,frbyrd,42.66446,103.52772,6:27,6:32,1,partly.cloud,weme,a,3,0,0,0,0,0
5/27/2016,1,F,L,frbyrd,42.66446,103.52772,6:27,6:32,1,partly.cloud,weme,a,3,0,0,0,0,0
5/27/2016,1,F,L,frbyrd,42.66446,103.52772,6:27,6:32,1,partly.cloud,amgo,v,1,0,0,0,0,0
5/27/2016,1,F,L,frbyrd,42.66446,103.52772,6:27,6:32,1,partly.cloud,lasp,v,2,0,0,0,0,0
5/27/2016,1,F,L,frbyrd,42.66446,103.52772,6:27,6:32,1,partly.cloud,bbma,v,3,1,0,0,0,0
5/27/2016,1,F,L,frbyrd,42.66446,103.52772,6:27,6:32,1,partly.cloud,bcch,a,3,0,0,0,0,0
5/27/2016,1,F,H,61,42.66823,103.52421,6:03,6:08,2,partly.cloud,weme,v,1,0,0,1,1,0
5/27/2016,1,F,H,61,42.66823,103.52421,6:03,6:08,2,partly.cloud,bbma,a,3,0,0,1,1,0
5/27/2016,1,F,H,39,42.66502,103.53223,7:26,7:31,2,partly.cloud,weme,a,2,0,0,0,0,0
5/27/2016,1,F,H,39,42.66502,103.53223,7:26,7:31,2,partly.cloud,weme,a,3,0,0,0,0,0
5/27/2016,1,F,H,39,42.66502,103.53223,7:26,7:31,2,partly.cloud,brth,a,4,0,0,0,0,0
5/27/2016,1,F,H,39,42.66502,103.53223,7:26,7:31,2,partly.cloud,spto,a,4,0,0,0,0,0
5/27/2016,1,F,H,39,42.66502,103.53223,7:26,7:31,2,partly.cloud,eaph,a,4,0,0,0,0,0
5/27/2016,1,F,L,44,42.66327,103.52664,6:45,6:50,1,partly.cloud,rhwo,v,2,0,0,0,0,0
5/27/2016,1,F,L,44,42.66327,103.52664,6:45,6:50,1,partly.cloud,rhwo,v,2,0,0,0,0,0
5/27/2016,1,F,L,44,42.66327,103.52664,6:45,6:50,1,partly.cloud,weme,a,2,0,0,0,0,0
5/27/2016,1,F,L,44,42.66327,103.52664,6:45,6:50,1,partly.cloud,lasp,a,3,0,0,0,0,0
5/27/2016,1,F,L,44,42.66327,103.52664,6:45,6:50,1,partly.cloud,bhco,v,3,1,0,0,0,0
5/27/2016,1,F,L,44,42.66327,103.52664,6:45,6:50,1,partly.cloud,amgo,v,3,0,0,0,0,0
5/27/2016,1,F,L,44,42.66327,103.52664,6:45,6:50,1,partly.cloud,amgo,v,3,0,0,0,0,0
5/27/2016,1,F,L,46,42.66554,103.52574,8:10,8:15,1,partly.cloud,bcch,v,2,0,0,0,0,0
5/27/2016,1,F,L,46,42.66554,103.52574,8:10,8:15,1,partly.cloud,spto,a,2,0,0,0,0,0
5/27/2016,1,F,L,46,42.66554,103.52574,8:10,8:15,1,partly.cloud,bbma,v,3,0,0,0,0,0
5/27/2016,1,F,L,46,42.66554,103.52574,8:10,8:15,1,partly.cloud,eaph,v,3,0,0,0,0,0
5/27/2016,1,G,B,109,42.66339,103.53583,7:45,7:50,1,partly.cloud,weme,a,3,0,0,0,0,0
5/27/2016,1,G,B,109,42.66339,103.53583,7:45,7:50,1,partly.cloud,weme,a,2,0,0,0,0,0
5/27/2016,1,G,B,109,42.66339,103.53583,7:45,7:50,1,partly.cloud,weme,v,2,0,0,0,0,0
5/27/2016,1,G,B,109,42.66339,103.53583,7:45,7:50,1,partly.cloud,rowr,a,4,0,0,0,0,0
5/27/2016,1,G,B,109,42.66339,103.53583,7:45,7:50,1,partly.cloud,wwpe,a,4,0,0,0,0,0
5/25/2016,1,F,U,301,42.69036,103.47004,7:57,8:02,2,clear,spto,a,1,0,0,0,0,0
5/25/2016,1,F,U,301,42.69036,103.47004,7:57,8:02,2,clear,spto,a,2,0,0,0,0,0
5/25/2016,1,F,U,301,42.69036,103.47004,7:57,8:02,2,clear,auwa,v,1,0,0,0,0,0
5/25/2016,1,F,U,301,42.69036,103.47004,7:57,8:02,2,clear,howr,v,1,0,0,0,0,0
5/25/2016,1,F,U,301,42.69036,103.47004,7:57,8:02,2,clear,bggn,a,1,0,0,0,0,0
5/25/2016,1,F,U,32,42.69066,103.47168,8:38,8:43,2,clear,auwa,a,1,0,0,0,0,0
5/25/2016,1,F,U,32,42.69066,103.47168,8:38,8:43,2,clear,auwa,a,2,0,0,0,0,0
5/25/2016,1,F,U,32,42.69066,103.47168,8:38,8:43,2,clear,spto,a,2,0,0,0,0,0
5/25/2016,1,F,U,32,42.69066,103.47168,8:38,8:43,2,clear,eabl,a,3,0,0,0,0,0
5/25/2016,1,F,U,32,42.69066,103.47168,8:38,8:43,2,clear,amcr,a,3,0,0,0,0,0
5/25/2016,1,F,U,300,42.68971,103.46638,9:30,9:35,2,clear,howr,a,2,0,0,0,0,0
5/25/2016,1,F,U,300,42.68971,103.46638,9:30,9:35,2,clear,wbnu,a,3,0,0,0,0,0
5/25/2016,1,F,U,300,42.68971,103.46638,9:30,9:35,2,clear,oven,a,1,0,0,0,0,0
5/25/2016,1,F,U,300,42.68971,103.46638,9:30,9:35,2,clear,oven,a,1,0,0,0,0,0
5/25/2016,1,F,U,300,42.68971,103.46638,9:30,9:35,2,clear,spto,a,2,0,0,0,0,0
5/25/2016,1,F,U,300,42.68971,103.46638,9:30,9:35,2,clear,spto,a,3,0,0,0,0,0
5/25/2016,1,F,U,300,42.68971,103.46638,9:30,9:35,2,clear,amgo,a,1,0,0,0,0,0
5/25/2016,1,F,U,300,42.68971,103.46638,9:30,9:35,2,clear,bcch,a,3,0,0,0,0,0
5/25/2016,1,F,U,105,42.68821,103.47287,10:10,10:15,2,clear,amgo,a,2,0,0,0,0,0
5/25/2016,1,F,U,105,42.68821,103.47287,10:10,10:15,2,clear,spto,a,2,0,0,0,0,0
5/25/2016,1,F,U,105,42.68821,103.47287,10:10,10:15,2,clear,bhco,v,1,0,0,0,0,0
5/26/2016,1,G,B,212,42.66055,103.53782,9:27,9:32,3,clear,weme,a,2,0,0,0,0,0
5/26/2016,1,G,B,212,42.66055,103.53782,9:27,9:32,3,clear,weme,a,2,0,0,0,0,0
5/26/2016,1,G,B,212,42.66055,103.53782,9:27,9:32,3,clear,weme,a,3,0,0,0,0,0
5/26/2016,1,G,B,212,42.66055,103.53782,9:27,9:32,3,clear,rowr,a,3,0,0,0,0,0
5/26/2016,1,G,B,211,42.66203,103.53402,9:50,9:55,2,clear,weme,a,2,0,0,1,1,0
5/26/2016,1,G,B,211,42.66203,103.53402,9:50,9:55,2,clear,weme,a,3,0,0,1,1,0
5/26/2016,1,G,B,211,42.66203,103.53402,9:50,9:55,2,clear,rhwo,a,2,0,0,1,1,0
5/26/2016,1,G,B,211,42.66203,103.53402,9:50,9:55,2,clear,ysfl,a,3,0,0,1,1,0
5/26/2016,1,G,B,211,42.66203,103.53402,9:50,9:55,2,clear,lasp,a,3,0,0,1,1,0
5/26/2016,1,G,B,59,42.65918,103.52951,7:56,8:01,3,clear,weme,a,1,0,0,0,0,0
5/26/2016,1,G,B,59,42.65918,103.52951,7:56,8:01,3,clear,weme,a,2,0,0,0,0,0
5/26/2016,1,G,B,59,42.65918,103.52951,7:56,8:01,3,clear,weme,a,3,0,0,0,0,0
5/26/2016,1,G,B,59,42.65918,103.52951,7:56,8:01,3,clear,rhwo,a,4,0,0,0,0,0
5/26/2016,1,F,M,66,42.65838,103.53022,8:22,8:27,3,clear,weme,a,2,0,0,0,0,0
5/26/2016,1,F,M,66,42.65838,103.53022,8:22,8:27,3,clear,weme,a,3,0,0,0,0,0
5/26/2016,1,G,B,58,42.65652,103.53371,8:40,8:45,2,clear,weme,a,1,0,0,1,1,0
5/26/2016,1,G,B,58,42.65652,103.53371,8:40,8:45,2,clear,weme,a,2,0,0,1,1,0
5/26/2016,1,G,B,58,42.65652,103.53371,8:40,8:45,2,clear,weme,a,2,0,0,1,1,0
5/26/2016,1,G,B,58,42.65652,103.53371,8:40,8:45,2,clear,modo,a,4,0,0,1,1,0
5/26/2016,1,F,M,205,42.65947,103.53488,9:08,9:13,3,clear,weme,a,2,0,0,0,0,0
5/26/2016,1,F,M,205,42.65947,103.53488,9:08,9:13,3,clear,weme,a,3,0,0,0,0,0
5/26/2016,1,F,H,37,42.65945,103.52153,7:16,7:21,2,clear,weme,v,2,0,0,1,1,0
5/26/2016,1,F,H,37,42.65945,103.52153,7:16,7:21,2,clear,bhco,a,2,0,0,1,1,0
5/26/2016,1,F,H,37,42.65945,103.52153,7:16,7:21,2,clear,rhwo,v,3,0,0,1,1,0
5/26/2016,1,F,M,203,42.65926,103.52838,7:40,7:45,2,clear,weme,a,2,0,0,0,0,0
5/26/2016,1,F,M,203,42.65926,103.52838,7:40,7:45,2,clear,weme,a,2,0,0,0,0,0
5/26/2016,1,F,M,203,42.65926,103.52838,7:40,7:45,2,clear,weme,a,3,0,0,0,0,0
5/26/2016,1,F,M,203,42.65926,103.52838,7:40,7:45,2,clear,prfa,v,2,1,0,0,0,0
5/26/2016,1,F,H,41,42.65867,103.51693,6:43,6:48,1,clear,weme,a,2,0,0,0,0,1
5/26/2016,1,F,H,41,42.65867,103.51693,6:43,6:48,1,clear,weme,a,3,0,0,0,0,1
5/26/2016,1,F,H,41,42.65867,103.51693,6:43,6:48,1,clear,bbma,a,4,0,0,0,0,1
5/26/2016,1,F,L,208,42.65878,103.51983,7:01,7:06,1,clear,weme,a,3,0,0,1,0,0
5/26/2016,1,F,L,208,42.65878,103.51983,7:01,7:06,1,clear,rhwo,a,4,0,0,1,0,0
5/26/2016,1,F,L,206,42.66291,103.51837,6:19,6:24,2,clear,weme,a,2,0,0,0,0,0
5/26/2016,1,F,L,206,42.66291,103.51837,6:19,6:24,2,clear,howr,a,2,0,0,0,0,0
5/26/2016,1,F,L,206,42.66291,103.51837,6:19,6:24,2,clear,spto,a,3,0,0,0,0,0
5/26/2016,1,F,L,206,42.66291,103.51837,6:19,6:24,2,clear,modo,a,2,0,0,0,0,0
5/26/2016,1,F,L,206,42.66291,103.51837,6:19,6:24,2,clear,modo,a,3,0,0,0,0,0
5/26/2016,1,F,L,206,42.66291,103.51837,6:19,6:24,2,clear,eabl,a,3,0,0,0,0,0
5/26/2016,1,F,M,110,42.665,103.51774,5:58,6:03,3,clear,weme,a,2,0,0,0,0,0
5/26/2016,1,F,M,110,42.665,103.51774,5:58,6:03,3,clear,weme,a,2,0,0,0,0,0
5/26/2016,1,F,M,110,42.665,103.51774,5:58,6:03,3,clear,weme,a,3,0,0,0,0,0
5/26/2016,1,F,M,110,42.665,103.51774,5:58,6:03,3,clear,lasp,v,1,0,0,0,0,0
5/29/2016,1,G,B,57,42.651,103.55432,5:14,5:19,1,clear,weme,a,2,0,0,1,1,0
5/29/2016,1,G,B,57,42.651,103.55432,5:14,5:19,1,clear,weme,a,3,0,0,1,1,0
5/29/2016,1,G,B,57,42.651,103.55432,5:14,5:19,1,clear,yewa,a,4,0,0,1,1,0
5/29/2016,1,G,B,57,42.651,103.55432,5:14,5:19,1,clear,caki,a,4,0,0,1,1,0
5/29/2016,1,G,B,57,42.651,103.55432,5:14,5:19,1,clear,spto,a,4,0,0,1,1,0
5/29/2016,1,G,B,57,42.651,103.55432,5:14,5:19,1,clear,modo,a,4,0,0,1,1,0
5/29/2016,1,F,M,204,42.65386,103.5531,4:58,5:03,1,clear,weme,a,2,0,0,0,1,0
5/29/2016,1,F,M,204,42.65386,103.5531,4:58,5:03,1,clear,brbl,v,1,1,0,0,1,0
5/29/2016,1,F,M,204,42.65386,103.5531,4:58,5:03,1,clear,spto,a,4,0,0,0,1,0
5/29/2016,1,F,M,204,42.65386,103.5531,4:58,5:03,1,clear,caki,a,4,0,0,0,1,0
5/29/2016,1,F,M,204,42.65386,103.5531,4:58,5:03,1,clear,wwpe,a,4,0,0,0,1,0
5/29/2016,1,F,L,210,42.65214,103.55595,5:54,5:59,1,clear,bhco,a,2,0,0,0,0,0
5/29/2016,1,F,L,210,42.65214,103.55595,5:54,5:59,1,clear,bhco,a,2,0,0,0,0,0
5/29/2016,1,F,L,210,42.65214,103.55595,5:54,5:59,1,clear,weme,a,2,0,0,0,0,0
5/29/2016,1,F,L,210,42.65214,103.55595,5:54,5:59,1,clear,howr,a,3,0,0,0,0,0
5/29/2016,1,F,L,210,42.65214,103.55595,5:54,5:59,1,clear,rowr,v,1,0,0,0,0,0
5/29/2016,1,F,L,210,42.65214,103.55595,5:54,5:59,1,clear,rhwo,v,1,1,0,0,0,0
5/29/2016,1,F,L,210,42.65214,103.55595,5:54,5:59,1,clear,ysfl,a,4,0,0,0,0,0
5/29/2016,1,F,H,201,42.65291,103.55192,5:33,5:38,0,clear,brbl,v,2,0,0,0,0,1
5/29/2016,1,F,H,201,42.65291,103.55192,5:33,5:38,0,clear,brbl,v,2,0,0,0,0,1
5/29/2016,1,F,H,201,42.65291,103.55192,5:33,5:38,0,clear,brbl,v,3,0,0,0,0,1
5/29/2016,1,F,H,201,42.65291,103.55192,5:33,5:38,0,clear,weme,a,2,0,0,0,0,1
5/29/2016,1,F,H,201,42.65291,103.55192,5:33,5:38,0,clear,weme,v,1,0,0,0,0,1
5/29/2016,1,F,H,201,42.65291,103.55192,5:33,5:38,0,clear,howr,a,3,0,0,0,0,1
5/29/2016,1,F,H,201,42.65291,103.55192,5:33,5:38,0,clear,eaki,a,4,0,0,0,0,1
5/29/2016,1,F,H,201,42.65291,103.55192,5:33,5:38,0,clear,wwpe,a,4,0,0,0,0,1
5/29/2016,1,F,L,207,42.64953,103.55353,6:25,6:30,0,clear,weme,v,3,0,0,0,0,0
5/29/2016,1,F,L,207,42.64953,103.55353,6:25,6:30,0,clear,caki,v,3,0,0,0,0,0
5/29/2016,1,F,L,207,42.64953,103.55353,6:25,6:30,0,clear,caki,v,3,0,0,0,0,0
5/29/2016,1,F,L,207,42.64953,103.55353,6:25,6:30,0,clear,rowr,v,3,0,0,0,0,0
5/29/2016,1,F,L,207,42.64953,103.55353,6:25,6:30,0,clear,spto,a,4,0,0,0,0,0
5/29/2016,1,F,L,207,42.64953,103.55353,6:25,6:30,0,clear,eabl,a,4,0,0,0,0,0
5/29/2016,1,F,L,207,42.64953,103.55353,6:25,6:30,0,clear,howr,a,4,0,0,0,0,0
5/29/2016,1,F,H,202,42.65074,103.55447,6:10,6:15,0,clear,weme,a,2,0,0,1,0,1
5/29/2016,1,F,H,202,42.65074,103.55447,6:10,6:15,0,clear,weme,a,3,0,0,1,0,1
5/29/2016,1,F,H,202,42.65074,103.55447,6:10,6:15,0,clear,bhco,v,1,1,0,1,0,1
5/29/2016,1,F,H,202,42.65074,103.55447,6:10,6:15,0,clear,ysfl,v,1,0,0,1,0,1
5/29/2016,1,F,H,202,42.65074,103.55447,6:10,6:15,0,clear,modo,a,3,0,0,1,0,1
5/29/2016,1,F,H,202,42.65074,103.55447,6:10,6:15,0,clear,rowr,a,4,0,0,1,0,1
5/29/2016,1,F,H,202,42.65074,103.55447,6:10,6:15,0,clear,amgo,a,4,0,0,1,0,1
5/29/2016,1,F,H,202,42.65074,103.55447,6:10,6:15,0,clear,howr,a,4,0,0,1,0,1
5/29/2016,1,F,H,38,42.64648,103.55019,7:07,7:12,1,clear,caki,v,3,0,0,0,0,0
5/29/2016,1,F,H,38,42.64648,103.55019,7:07,7:12,1,clear,caki,v,3,0,0,0,0,0
5/29/2016,1,F,H,38,42.64648,103.55019,7:07,7:12,1,clear,caki,v,3,0,0,0,0,0
5/29/2016,1,F,H,38,42.64648,103.55019,7:07,7:12,1,clear,weme,a,2,0,0,0,0,0
5/29/2016,1,F,H,38,42.64648,103.55019,7:07,7:12,1,clear,howr,a,2,0,0,0,0,0
5/29/2016,1,F,H,38,42.64648,103.55019,7:07,7:12,1,clear,howr,a,2,0,0,0,0,0
5/29/2016,1,F,H,38,42.64648,103.55019,7:07,7:12,1,clear,spto,v,3,0,0,0,0,0
5/29/2016,1,F,H,38,42.64648,103.55019,7:07,7:12,1,clear,coni,a,4,0,0,0,0,0
5/29/2016,1,F,H,38,42.64648,103.55019,7:07,7:12,1,clear,bhco,a,4,0,0,0,0,0
5/29/2016,1,F,H,38,42.64648,103.55019,7:07,7:12,1,clear,eabl,a,4,0,0,0,0,0
5/29/2016,1,F,M,63,42.6495,103.55125,6:39,6:44,1,clear,rtha,v,2,0,0,0,0,0
5/29/2016,1,F,M,63,42.6495,103.55125,6:39,6:44,1,clear,caki,v,2,0,0,0,0,0
5/29/2016,1,F,M,63,42.6495,103.55125,6:39,6:44,1,clear,caki,v,2,0,0,0,0,0
5/29/2016,1,F,M,63,42.6495,103.55125,6:39,6:44,1,clear,caki,v,2,0,0,0,0,0
5/29/2016,1,F,M,63,42.6495,103.55125,6:39,6:44,1,clear,caki,v,2,0,0,0,0,0
5/29/2016,1,F,M,63,42.6495,103.55125,6:39,6:44,1,clear,weme,a,2,0,0,0,0,0
5/29/2016,1,F,M,63,42.6495,103.55125,6:39,6:44,1,clear,spto,a,3,0,0,0,0,0
5/29/2016,1,F,M,63,42.6495,103.55125,6:39,6:44,1,clear,ysfl,v,1,0,0,0,0,0
5/29/2016,1,F,M,63,42.6495,103.55125,6:39,6:44,1,clear,modo,v,3,0,0,0,0,0
5/29/2016,1,F,M,63,42.6495,103.55125,6:39,6:44,1,clear,lasp,v,2,0,0,0,0,0
5/29/2016,1,F,M,63,42.6495,103.55125,6:39,6:44,1,clear,labu,a,4,0,0,0,0,0
5/29/2016,1,F,M,63,42.6495,103.55125,6:39,6:44,1,clear,howr,a,4,0,0,0,0,0
5/29/2016,1,F,M,63,42.6495,103.55125,6:39,6:44,1,clear,bhco,a,4,0,0,0,0,0
5/29/2016,1,F,H,200,42.64412,103.54539,7:55,8:00,1,clear,weme,a,2,0,0,0,1,0
5/29/2016,1,F,H,200,42.64412,103.54539,7:55,8:00,1,clear,weme,a,2,0,0,0,1,0
5/29/2016,1,F,H,200,42.64412,103.54539,7:55,8:00,1,clear,howr,v,2,0,0,0,1,0
5/29/2016,1,F,H,200,42.64412,103.54539,7:55,8:00,1,clear,caki,v,3,0,0,0,1,0
5/29/2016,1,F,H,200,42.64412,103.54539,7:55,8:00,1,clear,swallow,v,3,0,0,0,1,0
5/29/2016,1,F,H,200,42.64412,103.54539,7:55,8:00,1,clear,bhco,a,4,0,0,0,1,0
5/29/2016,1,F,H,200,42.64412,103.54539,7:55,8:00,1,clear,coni,a,4,0,0,0,1,0
5/29/2016,1,F,H,200,42.64412,103.54539,7:55,8:00,1,clear,bggn,a,4,0,0,0,1,0
5/29/2016,1,F,L,43,42.64434,103.54721,7:38,7:43,1,clear,bhco,v,1,0,0,0,0,0
5/29/2016,1,F,L,43,42.64434,103.54721,7:38,7:43,1,clear,bhco,v,1,0,0,0,0,0
5/29/2016,1,F,L,43,42.64434,103.54721,7:38,7:43,1,clear,coni,v,1,0,0,0,0,0
5/29/2016,1,F,L,43,42.64434,103.54721,7:38,7:43,1,clear,caki,v,1,0,0,0,0,0
5/29/2016,1,F,L,43,42.64434,103.54721,7:38,7:43,1,clear,modo,v,3,1,0,0,0,0
5/29/2016,1,F,L,43,42.64434,103.54721,7:38,7:43,1,clear,modo,v,3,1,0,0,0,0
5/29/2016,1,F,L,43,42.64434,103.54721,7:38,7:43,1,clear,amgo,v,1,1,0,0,0,0
5/29/2016,1,F,L,43,42.64434,103.54721,7:38,7:43,1,clear,amgo,v,1,1,0,0,0,0
5/29/2016,1,F,L,43,42.64434,103.54721,7:38,7:43,1,clear,lasp,a,3,1,0,0,0,0
5/29/2016,1,F,M,65,42.64789,103.54499,8:24,8:29,1,clear,weme,a,3,0,0,0,0,0
5/29/2016,1,F,M,65,42.64789,103.54499,8:24,8:29,1,clear,weme,a,2,0,0,0,0,0
5/29/2016,1,F,M,65,42.64789,103.54499,8:24,8:29,1,clear,howr,a,3,0,0,0,0,0
5/29/2016,1,F,M,65,42.64789,103.54499,8:24,8:29,1,clear,caki,v,2,0,0,0,0,0
5/29/2016,1,F,M,65,42.64789,103.54499,8:24,8:29,1,clear,lasp,v,1,0,0,0,0,0
5/29/2016,1,F,M,65,42.64789,103.54499,8:24,8:29,1,clear,coni,a,4,0,0,0,0,0
5/29/2016,1,F,M,65,42.64789,103.54499,8:24,8:29,1,clear,amgo,a,4,0,0,0,0,0
5/29/2016,1,F,M,65,42.64789,103.54499,8:24,8:29,1,clear,modo,a,4,0,0,0,0,0
5/29/2016,1,F,M,65,42.64789,103.54499,8:24,8:29,1,clear,spto,a,4,0,0,0,0,0
5/29/2016,1,F,H,42,42.64814,103.5472,8:40,8:45,1,clear,weme,a,2,0,0,1,0,1
5/29/2016,1,F,H,42,42.64814,103.5472,8:40,8:45,1,clear,caki,v,2,0,0,1,0,1
5/29/2016,1,F,H,42,42.64814,103.5472,8:40,8:45,1,clear,lasp,v,1,0,0,1,0,1
5/29/2016,1,F,H,42,42.64814,103.5472,8:40,8:45,1,clear,lasp,v,1,0,0,1,0,1
5/29/2016,1,F,H,42,42.64814,103.5472,8:40,8:45,1,clear,spto,a,4,0,0,1,0,1
5/29/2016,1,F,H,42,42.64814,103.5472,8:40,8:45,1,clear,modo,a,4,0,0,1,0,1
5/29/2016,1,F,H,42,42.64814,103.5472,8:40,8:45,1,clear,wwpe,a,4,0,0,1,0,1
5/29/2016,1,F,L,215,42.65149,103.54518,9:05,9:10,1,clear,bggn,a,1,0,0,0,1,0
5/29/2016,1,F,L,215,42.65149,103.54518,9:05,9:10,1,clear,caki,v,2,0,0,0,1,0
5/29/2016,1,F,L,215,42.65149,103.54518,9:05,9:10,1,clear,bhco,v,1,0,0,0,1,0
5/29/2016,1,F,L,215,42.65149,103.54518,9:05,9:10,1,clear,amro,a,1,0,0,0,1,0
5/29/2016,1,F,L,215,42.65149,103.54518,9:05,9:10,1,clear,rowr,v,2,0,0,0,1,0
5/29/2016,1,F,L,215,42.65149,103.54518,9:05,9:10,1,clear,weme,a,2,0,0,0,1,0
5/29/2016,1,F,L,215,42.65149,103.54518,9:05,9:10,1,clear,coni,a,4,0,0,0,1,0
5/29/2016,1,F,M,64,42.65589,103.54145,9:42,9:47,2,clear,weme,a,2,0,0,0,0,0
5/29/2016,1,F,M,64,42.65589,103.54145,9:42,9:47,2,clear,modo,v,2,1,0,0,0,0
5/29/2016,1,F,M,64,42.65589,103.54145,9:42,9:47,2,clear,brbl,v,1,1,0,0,0,0
5/29/2016,1,F,M,64,42.65589,103.54145,9:42,9:47,2,clear,rowr,a,4,0,0,0,0,0
5/29/2016,1,F,M,64,42.65589,103.54145,9:42,9:47,2,clear,coni,a,4,0,0,0,0,0
5/30/2016,1,G,B,55,42.65477,103.54778,5:24,5:29,3,clear,howr,a,3,0,0,0,1,0
5/30/2016,1,G,B,55,42.65477,103.54778,5:24,5:29,3,clear,weme,a,3,0,0,0,1,0
5/30/2016,1,G,B,55,42.65477,103.54778,5:24,5:29,3,clear,caki,a,2,0,0,0,1,0
5/30/2016,1,G,B,55,42.65477,103.54778,5:24,5:29,3,clear,caki,a,2,0,0,0,1,0
5/30/2016,1,G,B,55,42.65477,103.54778,5:24,5:29,3,clear,caki,a,2,0,0,0,1,0
5/30/2016,1,G,B,55,42.65477,103.54778,5:24,5:29,3,clear,prfa,v,1,1,0,0,1,0
5/30/2016,1,G,B,214,42.6573,103.551,5:01,5:06,3,partly.cloud,weme,a,2,0,0,1,0,0
5/30/2016,1,G,B,214,42.6573,103.551,5:01,5:06,3,partly.cloud,weme,a,3,0,0,1,0,0
5/30/2016,1,G,B,214,42.6573,103.551,5:01,5:06,3,partly.cloud,wwpe,v,1,0,0,1,0,0
5/30/2016,1,G,B,214,42.6573,103.551,5:01,5:06,3,partly.cloud,spto,a,4,0,0,1,0,0
5/30/2016,1,G,B,214,42.6573,103.551,5:01,5:06,3,partly.cloud,bcch,a,4,0,0,1,0,0
5/30/2016,1,G,B,214,42.6573,103.551,5:01,5:06,3,partly.cloud,bhco,a,4,0,0,1,0,0
5/30/2016,1,G,B,214,42.6573,103.551,5:01,5:06,3,partly.cloud,caki,a,4,0,0,1,0,0
5/30/2016,1,F,H,40,42.65388,103.54605,5:45,5:50,3,partly.cloud,eaki,v,2,0,0,0,0,0
5/30/2016,1,F,H,40,42.65388,103.54605,5:45,5:50,3,partly.cloud,eaki,v,3,0,0,0,0,0
5/30/2016,1,F,H,40,42.65388,103.54605,5:45,5:50,3,partly.cloud,weme,a,2,0,0,0,0,0
5/30/2016,1,F,H,40,42.65388,103.54605,5:45,5:50,3,partly.cloud,rhwo,v,2,0,0,0,0,0
5/30/2016,1,F,H,40,42.65388,103.54605,5:45,5:50,3,partly.cloud,howr,a,4,0,0,0,0,0
5/31/2016,2,F,M,64,,,5:08,5:13,2,partly.cloud,weme,a,2,0,,,,
5/31/2016,2,F,M,64,,,5:08,5:13,2,partly.cloud,weme,a,3,0,,,,
5/31/2016,2,F,M,64,,,5:08,5:13,2,partly.cloud,bhco,v,2,1,,,,
5/31/2016,2,F,M,64,,,5:08,5:13,2,partly.cloud,rowr,a,4,0,,,,
5/31/2016,2,F,M,64,,,5:08,5:13,2,partly.cloud,grsp,a,4,0,,,,
5/31/2016,2,F,M,64,,,5:08,5:13,2,partly.cloud,ysfl,a,4,0,,,,
5/31/2016,2,F,H,106,,,5:36,5:41,1,partly.cloud,weme,a,2,0,,,,
5/31/2016,2,F,H,106,,,5:36,5:41,1,partly.cloud,weme,a,3,0,,,,
5/31/2016,2,F,H,106,,,5:36,5:41,1,partly.cloud,mobl,v,2,0,,,,
5/31/2016,2,F,H,106,,,5:36,5:41,1,partly.cloud,bhco,v,3,0,,,,
5/31/2016,2,F,H,106,,,5:36,5:41,1,partly.cloud,bggn,a,4,0,,,,
5/31/2016,2,F,H,106,,,5:36,5:41,1,partly.cloud,modo,a,4,0,,,,
5/31/2016,2,F,H,106,,,5:36,5:41,1,partly.cloud,ysfl,a,4,0,,,,
5/31/2016,2,F,H,106,,,5:36,5:41,1,partly.cloud,rowr,a,4,0,,,,
5/31/2016,2,F,H,106,,,5:36,5:41,1,partly.cloud,coni,a,4,0,,,,
5/31/2016,2,F,L,45,,,5:53,5:58,0,partly.cloud,bggn,a,1,0,,,,
5/31/2016,2,F,L,45,,,5:53,5:58,0,partly.cloud,chsp,a,2,0,,,,
5/31/2016,2,F,L,45,,,5:53,5:58,0,partly.cloud,howr,a,2,0,,,,
5/31/2016,2,F,L,45,,,5:53,5:58,0,partly.cloud,ysfl,a,2,0,,,,
5/31/2016,2,F,L,45,,,5:53,5:58,0,partly.cloud,coni,a,4,0,,,,
5/31/2016,2,F,L,45,,,5:53,5:58,0,partly.cloud,bhco,a,4,0,,,,
5/31/2016,2,F,L,45,,,5:53,5:58,0,partly.cloud,modo,a,4,0,,,,
5/31/2016,2,F,L,45,,,5:53,5:58,0,partly.cloud,weme,a,4,0,,,,
5/31/2016,2,F,L,45,,,5:53,5:58,0,partly.cloud,rowr,a,4,0,,,,
5/31/2016,2,F,L,45,,,5:53,5:58,0,partly.cloud,prfa,a,4,0,,,,
5/31/2016,2,F,L,45,,,5:53,5:58,0,partly.cloud,lasp,a,4,0,,,,
5/31/2016,2,F,L,215,,,6:25,6:30,2,partly.cloud,bggn,v,1,0,,,,
5/31/2016,2,F,L,215,,,6:25,6:30,2,partly.cloud,bhco,v,2,0,,,,
5/31/2016,2,F,L,215,,,6:25,6:30,2,partly.cloud,bhco,v,2,0,,,,
5/31/2016,2,F,L,215,,,6:25,6:30,2,partly.cloud,bhco,v,1,0,,,,
5/31/2016,2,F,L,215,,,6:25,6:30,2,partly.cloud,modo,v,1,0,,,,
5/31/2016,2,F,L,215,,,6:25,6:30,2,partly.cloud,pija,a,2,0,,,,
5/31/2016,2,F,L,215,,,6:25,6:30,2,partly.cloud,amgo,v,2,0,,,,
5/31/2016,2,F,L,215,,,6:25,6:30,2,partly.cloud,amgo,v,2,0,,,,
5/31/2016,2,F,L,215,,,6:25,6:30,2,partly.cloud,amgo,v,2,0,,,,
5/31/2016,2,F,L,215,,,6:25,6:30,2,partly.cloud,caki,v,3,0,,,,
5/31/2016,2,F,L,215,,,6:25,6:30,2,partly.cloud,spto,a,3,0,,,,
5/31/2016,2,F,L,215,,,6:25,6:30,2,partly.cloud,weme,a,4,0,,,,
5/31/2016,2,F,H,42,,,6:49,6:54,2,partly.cloud,weme,a,2,0,,,,
5/31/2016,2,F,H,42,,,6:49,6:54,2,partly.cloud,weme,a,1,0,,,,
5/31/2016,2,F,H,42,,,6:49,6:54,2,partly.cloud,caki,a,4,0,,,,
5/31/2016,2,F,H,42,,,6:49,6:54,2,partly.cloud,rowr,a,4,0,,,,
5/31/2016,2,F,H,42,,,6:49,6:54,2,partly.cloud,wwpe,a,4,0,,,,
5/31/2016,2,F,M,65,,,7:05,7:10,1,partly.cloud,weme,a,2,0,,,,
5/31/2016,2,F,M,65,,,7:05,7:10,1,partly.cloud,weme,a,2,0,,,,
5/31/2016,2,F,M,65,,,7:05,7:10,1,partly.cloud,spto,a,3,0,,,,
5/31/2016,2,F,M,65,,,7:05,7:10,1,partly.cloud,bhco,v,3,1,,,,
5/31/2016,2,F,M,65,,,7:05,7:10,1,partly.cloud,howr,a,4,0,,,,
5/31/2016,2,F,M,65,,,7:05,7:10,1,partly.cloud,coni,a,4,0,,,,
5/31/2016,2,F,M,65,,,7:05,7:10,1,partly.cloud,caki,a,4,0,,,,
5/31/2016,2,F,M,65,,,7:05,7:10,1,partly.cloud,eaki,a,4,0,,,,
5/31/2016,2,F,L,43,,,7:28,7:33,3,partly.cloud,chsp,a,2,0,,,,
5/31/2016,2,F,L,43,,,7:28,7:33,3,partly.cloud,weme,a,2,0,,,,
5/31/2016,2,F,L,43,,,7:28,7:33,3,partly.cloud,spto,a,2,0,,,,
5/31/2016,2,F,L,43,,,7:28,7:33,3,partly.cloud,bhco,v,2,0,,,,
5/31/2016,2,F,L,43,,,7:28,7:33,3,partly.cloud,bggn,a,2,0,,,,
5/31/2016,2,F,L,43,,,7:28,7:33,3,partly.cloud,amgo,v,2,0,,,,
5/31/2016,2,F,L,43,,,7:28,7:33,3,partly.cloud,modo,a,4,0,,,,
5/31/2016,2,F,L,43,,,7:28,7:33,3,partly.cloud,rowr,a,4,0,,,,
5/31/2016,2,F,H,200,,,7:45,7:50,2,partly.cloud,weme,a,2,0,,,,
5/31/2016,2,F,H,200,,,7:45,7:50,2,partly.cloud,howr,a,3,0,,,,
5/31/2016,2,F,H,200,,,7:45,7:50,2,partly.cloud,bhco,v,2,0,,,,
5/31/2016,2,F,H,200,,,7:45,7:50,2,partly.cloud,caki,a,4,0,,,,
5/31/2016,2,F,H,200,,,7:45,7:50,2,partly.cloud,amgo,a,4,0,,,,
5/31/2016,2,F,H,200,,,7:45,7:50,2,partly.cloud,bhgr,a,4,0,,,,
5/31/2016,2,F,H,38,,,8:06,8:11,3,clear,weme,a,2,0,,,,
5/31/2016,2,F,H,38,,,8:06,8:11,3,clear,brbl,v,2,0,,,,
5/31/2016,2,F,H,38,,,8:06,8:11,3,clear,brbl,v,2,0,,,,
5/31/2016,2,F,H,38,,,8:06,8:11,3,clear,brbl,v,2,0,,,,
5/31/2016,2,F,H,38,,,8:06,8:11,3,clear,brbl,v,2,0,,,,
5/31/2016,2,F,H,38,,,8:06,8:11,3,clear,eaki,v,2,0,,,,
5/31/2016,2,F,H,38,,,8:06,8:11,3,clear,eaki,v,2,0,,,,
5/31/2016,2,F,H,38,,,8:06,8:11,3,clear,eabl,v,2,0,,,,
5/31/2016,2,F,H,38,,,8:06,8:11,3,clear,bhco,a,4,0,,,,
5/31/2016,2,F,H,38,,,8:06,8:11,3,clear,bhgr,a,4,0,,,,
5/31/2016,2,F,M,63,,,8:30,8:35,4,clear,rtha,v,2,0,,,,
5/31/2016,2,F,M,63,,,8:30,8:35,4,clear,caki,v,2,0,,,,
5/31/2016,2,F,M,63,,,8:30,8:35,4,clear,weme,a,3,0,,,,
5/31/2016,2,F,M,63,,,8:30,8:35,4,clear,brbl,a,2,0,,,,
5/31/2016,2,F,M,63,,,8:30,8:35,4,clear,amro,v,2,0,,,,
5/31/2016,2,F,M,63,,,8:30,8:35,4,clear,bhco,v,3,0,,,,
5/31/2016,2,F,M,63,,,8:30,8:35,4,clear,howr,a,4,0,,,,
5/31/2016,2,F,L,207,,,8:48,8:53,4,clear,caki,v,1,0,,,,
5/31/2016,2,F,L,207,,,8:48,8:53,4,clear,caki,v,1,0,,,,
5/31/2016,2,F,L,207,,,8:48,8:53,4,clear,weme,a,2,0,,,,
5/31/2016,2,F,L,207,,,8:48,8:53,4,clear,howr,a,4,0,,,,
5/31/2016,2,F,L,207,,,8:48,8:53,4,clear,rowr,a,4,0,,,,
5/31/2016,2,F,H,202,,,9:04,9:09,4,partly.cloud,weme,a,2,0,,,,
6/1/2016,2,F,H,201,,,4:58,5:03,1,partly.cloud,weme,a,2,0,,,,
6/1/2016,2,F,H,201,,,4:58,5:03,1,partly.cloud,eabl,a,3,0,,,,
6/1/2016,2,F,H,201,,,4:58,5:03,1,partly.cloud,spto,a,3,0,,,,
6/1/2016,2,F,H,201,,,4:58,5:03,1,partly.cloud,brbl,v,2,0,,,,
6/1/2016,2,F,H,201,,,4:58,5:03,1,partly.cloud,wwpe,a,4,0,,,,
6/1/2016,2,F,H,201,,,4:58,5:03,1,partly.cloud,modo,a,4,0,,,,
6/1/2016,2,F,H,201,,,4:58,5:03,1,partly.cloud,howr,a,4,0,,,,
6/1/2016,2,F,L,210,,,5:21,5:26,1,partly.cloud,brbl,v,2,0,,,,
6/1/2016,2,F,L,210,,,5:21,5:26,1,partly.cloud,rowr,a,3,0,,,,
6/1/2016,2,F,L,210,,,5:21,5:26,1,partly.cloud,spto,v,3,0,,,,
6/1/2016,2,F,L,210,,,5:21,5:26,1,partly.cloud,howr,a,2,0,,,,
6/1/2016,2,F,L,210,,,5:21,5:26,1,partly.cloud,mobl,v,2,0,,,,
6/1/2016,2,F,L,210,,,5:21,5:26,1,partly.cloud,modo,a,4,0,,,,
6/1/2016,2,F,L,210,,,5:21,5:26,1,partly.cloud,weme,a,4,0,,,,
6/1/2016,2,F,L,210,,,5:21,5:26,1,partly.cloud,caki,a,4,0,,,,
6/1/2016,2,F,M,204,,,5:45,5:50,1,partly.cloud,brbl,v,1,0,,,,
6/1/2016,2,F,M,204,,,5:45,5:50,1,partly.cloud,brbl,v,1,0,,,,
6/1/2016,2,F,M,204,,,5:45,5:50,1,partly.cloud,brbl,v,1,0,,,,
6/1/2016,2,F,M,204,,,5:45,5:50,1,partly.cloud,brbl,v,1,0,,,,
6/1/2016,2,F,M,204,,,5:45,5:50,1,partly.cloud,weme,v,1,0,,,,
6/1/2016,2,G,B,57,,,6:00,6:05,1,partly.cloud,weme,a,2,0,,,,
6/1/2016,2,G,B,57,,,6:00,6:05,1,partly.cloud,brbl,v,1,1,,,,
6/1/2016,2,G,B,57,,,6:00,6:05,1,partly.cloud,lasp,v,2,0,,,,
6/1/2016,2,G,B,57,,,6:00,6:05,1,partly.cloud,modo,a,4,0,,,,
6/1/2016,2,G,B,57,,,6:00,6:05,1,partly.cloud,yewa,a,4,0,,,,
6/1/2016,2,G,B,57,,,6:00,6:05,1,partly.cloud,coni,a,4,0,,,,
6/1/2016,2,G,B,214,,,6:26,6:31,1,partly.cloud,weme,a,2,0,,,,
6/1/2016,2,G,B,214,,,6:26,6:31,1,partly.cloud,pija,v,2,0,,,,
6/1/2016,2,G,B,214,,,6:26,6:31,1,partly.cloud,coni,a,4,0,,,,
6/1/2016,2,G,B,214,,,6:26,6:31,1,partly.cloud,spto,a,4,0,,,,
6/1/2016,2,G,B,214,,,6:26,6:31,1,partly.cloud,bhco,a,4,0,,,,
6/1/2016,2,G,B,214,,,6:26,6:31,1,partly.cloud,eaki,a,4,0,,,,
6/1/2016,2,G,B,55,,,6:44,6:49,1,partly.cloud,weme,a,3,0,,,,
6/1/2016,2,G,B,55,,,6:44,6:49,1,partly.cloud,weme,a,2,0,,,,
6/1/2016,2,G,B,55,,,6:44,6:49,1,partly.cloud,modo,a,4,0,,,,
6/1/2016,2,G,B,55,,,6:44,6:49,1,partly.cloud,coni,a,4,0,,,,
6/1/2016,2,G,B,55,,,6:44,6:49,1,partly.cloud,bcch,a,4,0,,,,
6/1/2016,2,G,B,55,,,6:44,6:49,1,partly.cloud,amro,a,4,0,,,,
6/1/2016,2,G,B,55,,,6:44,6:49,1,partly.cloud,wwpe,a,4,0,,,,
6/1/2016,2,G,B,55,,,6:44,6:49,1,partly.cloud,caki,a,4,0,,,,
6/1/2016,2,G,B,55,,,6:44,6:49,1,partly.cloud,bhco,a,4,0,,,,
6/1/2016,2,G,B,55,,,6:44,6:49,1,partly.cloud,howr,a,4,0,,,,
6/1/2016,2,F,H,40,,,7:06,7:11,0,partly.cloud,weme,a,3,0,,,,
6/1/2016,2,F,H,40,,,7:06,7:11,0,partly.cloud,weme,a,3,0,,,,
6/1/2016,2,F,H,40,,,7:06,7:11,0,partly.cloud,rowr,a,2,0,,,,
6/1/2016,2,F,H,40,,,7:06,7:11,0,partly.cloud,ysfl,v,2,0,,,,
6/1/2016,2,F,H,40,,,7:06,7:11,0,partly.cloud,brbl,a,4,0,,,,
6/1/2016,2,F,H,40,,,7:06,7:11,0,partly.cloud,eaki,a,4,0,,,,
6/1/2016,2,F,H,40,,,7:06,7:11,0,partly.cloud,pija,a,4,0,,,,
6/1/2016,2,F,L,45,,,7:49,7:54,0,partly.cloud,bggn,v,1,0,,,,
6/1/2016,2,F,L,45,,,7:49,7:54,0,partly.cloud,bhco,a,2,0,,,,
6/1/2016,2,F,L,45,,,7:49,7:54,0,partly.cloud,amgo,a,1,0,,,,
6/1/2016,2,F,L,45,,,7:49,7:54,0,partly.cloud,coni,a,4,0,,,,
6/1/2016,2,F,L,45,,,7:49,7:54,0,partly.cloud,modo,a,4,0,,,,
6/1/2016,2,F,L,45,,,7:49,7:54,0,partly.cloud,weme,a,4,0,,,,
6/1/2016,2,F,M,61,,,9:13,9:18,2,clear,weme,a,2,0,,,,
6/1/2016,2,F,M,61,,,9:13,9:18,2,clear,rowr,a,4,0,,,,
6/1/2016,2,F,L,46,,,9:33,9:38,2,partly.cloud,weme,a,3,0,,,,
6/1/2016,2,F,L,46,,,9:33,9:38,2,partly.cloud,ysfl,v,3,0,,,,
6/1/2016,2,F,L,46,,,9:33,9:38,2,partly.cloud,amgo,v,2,0,,,,
6/1/2016,2,F,L,46,,,9:33,9:38,2,partly.cloud,bbma,a,3,0,,,,
6/1/2016,2,F,L,46,,,9:33,9:38,2,partly.cloud,eaph,a,4,0,,,,
6/1/2016,2,F,L,44,,,9:53,9:58,2,partly.cloud,bhco,v,2,0,,,,
6/1/2016,2,F,L,44,,,9:53,9:58,2,partly.cloud,rhwo,v,2,0,,,,
6/1/2016,2,F,L,44,,,9:53,9:58,2,partly.cloud,rowr,a,2,1,,,,
6/1/2016,2,F,L,44,,,9:53,9:58,2,partly.cloud,spto,v,3,0,,,,
6/1/2016,2,F,L,44,,,9:53,9:58,2,partly.cloud,bbma,v,3,0,,,,
6/1/2016,2,F,L,44,,,9:53,9:58,2,partly.cloud,weme,a,3,0,,,,
6/1/2016,2,F,L,44,,,9:53,9:58,2,partly.cloud,lasp,a,3,0,,,,
6/3/2016,2,G,B,50,,,4:56,5:01,1,partly.cloud,weme,a,3,0,,,,
6/3/2016,2,G,B,50,,,4:56,5:01,1,partly.cloud,howr,a,4,0,,,,
6/3/2016,2,G,B,50,,,4:56,5:01,1,partly.cloud,amcr,a,4,0,,,,
6/3/2016,2,G,B,50,,,4:56,5:01,1,partly.cloud,bcch,a,4,0,,,,
6/3/2016,2,G,B,50,,,4:56,5:01,1,partly.cloud,lasp,a,4,0,,,,
6/3/2016,2,F,U,105,,,5:20,5:25,1,partly.cloud,chsp,a,2,0,,,,
6/3/2016,2,F,U,105,,,5:20,5:25,1,partly.cloud,hawo,v,1,0,,,,
6/3/2016,2,F,U,105,,,5:20,5:25,1,partly.cloud,howr,a,4,0,,,,
6/3/2016,2,F,U,105,,,5:20,5:25,1,partly.cloud,weme,a,4,0,,,,
6/3/2016,2,F,U,105,,,5:20,5:25,1,partly.cloud,coni,a,4,0,,,,
6/3/2016,2,F,U,105,,,5:20,5:25,1,partly.cloud,amcr,a,4,0,,,,
6/3/2016,2,F,U,32,,,5:38,5:43,2,clear,bhco,v,1,0,,,,
6/3/2016,2,F,U,32,,,5:38,5:43,2,clear,howr,a,3,0,,,,
6/3/2016,2,F,U,32,,,5:38,5:43,2,clear,cewa,a,2,0,,,,
6/3/2016,2,F,U,32,,,5:38,5:43,2,clear,cewa,a,2,0,,,,
6/3/2016,2,F,U,32,,,5:38,5:43,2,clear,amgo,a,3,0,,,,
6/3/2016,2,F,U,32,,,5:38,5:43,2,clear,amgo,a,3,0,,,,
6/3/2016,2,F,U,32,,,5:38,5:43,2,clear,spto,a,4,0,,,,
6/3/2016,2,F,U,32,,,5:38,5:43,2,clear,coni,a,4,0,,,,
6/3/2016,2,F,U,32,,,5:38,5:43,2,clear,amcr,a,4,0,,,,
6/3/2016,2,F,U,32,,,5:38,5:43,2,clear,chsp,a,4,0,,,,
6/3/2016,2,F,U,301,,,5:50,5:55,3,clear,spto,a,2,0,,,,
6/3/2016,2,F,U,301,,,5:50,5:55,3,clear,cewa,a,3,0,,,,
6/3/2016,2,F,U,301,,,5:50,5:55,3,clear,amgo,a,2,0,,,,
6/3/2016,2,F,U,301,,,5:50,5:55,3,clear,chsp,a,3,0,,,,
6/3/2016,2,F,U,301,,,5:50,5:55,3,clear,coni,a,4,0,,,,
6/3/2016,2,F,U,301,,,5:50,5:55,3,clear,hawo,a,4,0,,,,
6/3/2016,2,F,U,301,,,5:50,5:55,3,clear,eabl,a,4,0,,,,
6/3/2016,2,F,U,301,,,5:50,5:55,3,clear,amcr,a,4,0,,,,
6/3/2016,2,F,U,301,,,5:50,5:55,3,clear,howr,a,4,0,,,,
6/3/2016,2,F,U,300,,,6:08,6:13,3,partly.cloud,oven,a,2,0,,,,
6/3/2016,2,F,U,300,,,6:08,6:13,3,partly.cloud,oven,a,3,0,,,,
6/3/2016,2,F,U,300,,,6:08,6:13,3,partly.cloud,plvi,a,2,0,,,,
6/3/2016,2,F,U,300,,,6:08,6:13,3,partly.cloud,bcch,a,3,0,,,,
6/3/2016,2,F,U,300,,,6:08,6:13,3,partly.cloud,amgo,a,2,0,,,,
6/3/2016,2,F,U,300,,,6:08,6:13,3,partly.cloud,eabl,a,3,0,,,,
6/3/2016,2,F,U,300,,,6:08,6:13,3,partly.cloud,spto,a,3,0,,,,
6/3/2016,2,F,U,300,,,6:08,6:13,3,partly.cloud,chsp,v,2,0,,,,
6/3/2016,2,F,U,300,,,6:08,6:13,3,partly.cloud,howr,a,2,0,,,,
6/3/2016,2,F,U,300,,,6:08,6:13,3,partly.cloud,coni,a,4,0,,,,
6/3/2016,2,F,U,300,,,6:08,6:13,3,partly.cloud,eabl,a,4,0,,,,
6/3/2016,2,F,U,300,,,6:08,6:13,3,partly.cloud,oror,a,4,0,,,,
6/3/2016,2,F,U,35,,,6:27,6:32,1,cloudy,coni,a,4,0,,,,
6/3/2016,2,F,U,35,,,6:27,6:32,1,cloudy,bhco,a,2,0,,,,
6/3/2016,2,F,U,35,,,6:27,6:32,1,cloudy,howr,a,2,0,,,,
6/3/2016,2,F,U,35,,,6:27,6:32,1,cloudy,amgo,a,2,0,,,,
6/3/2016,2,F,U,35,,,6:27,6:32,1,cloudy,spto,a,3,0,,,,
6/3/2016,2,F,U,35,,,6:27,6:32,1,cloudy,eabl,a,4,0,,,,
6/3/2016,2,F,U,35,,,6:27,6:32,1,cloudy,auwa,a,4,0,,,,
6/3/2016,2,F,U,34,,,6:45,6:50,4,cloudy,eabl,a,3,0,,,,
6/3/2016,2,F,U,34,,,6:45,6:50,4,cloudy,wbnu,a,3,0,,,,
6/3/2016,2,F,U,34,,,6:45,6:50,4,cloudy,auwa,a,2,0,,,,
6/3/2016,2,F,U,34,,,6:45,6:50,4,cloudy,bhco,a,2,0,,,,
6/3/2016,2,F,U,34,,,6:45,6:50,4,cloudy,spto,a,4,0,,,,
6/3/2016,1,G,U,51,42.6775,103.47418,7:25,7:30,2,cloudy,weme,a,2,0,0,1,0,0
6/3/2016,1,G,U,51,42.6775,103.47418,7:25,7:30,2,cloudy,weme,a,2,0,0,1,0,0
6/3/2016,1,G,U,51,42.6775,103.47418,7:25,7:30,2,cloudy,weme,a,3,0,0,1,0,0
6/3/2016,1,G,U,51,42.6775,103.47418,7:25,7:30,2,cloudy,grsp,a,2,0,0,1,0,0
6/3/2016,1,G,U,51,42.6775,103.47418,7:25,7:30,2,cloudy,modo,v,3,1,0,1,0,0
6/3/2016,1,G,U,51,42.6775,103.47418,7:25,7:30,2,cloudy,modo,v,3,1,0,1,0,0
6/3/2016,1,G,U,51,42.6775,103.47418,7:25,7:30,2,cloudy,modo,v,3,1,0,1,0,0
6/3/2016,1,G,U,51,42.6775,103.47418,7:25,7:30,2,cloudy,brbl,a,4,0,0,1,0,0
6/3/2016,2,G,B,109,,,8:02,8:07,2,partly.cloud,weme,a,2,0,0,0,0,0
6/3/2016,2,G,B,109,,,8:02,8:07,2,partly.cloud,weme,a,3,0,0,0,0,0
6/3/2016,2,G,B,109,,,8:02,8:07,2,partly.cloud,ysfl,v,2,1,0,0,0,0
6/3/2016,2,G,B,109,,,8:02,8:07,2,partly.cloud,ysfl,v,3,0,0,0,0,0
6/3/2016,2,G,B,109,,,8:02,8:07,2,partly.cloud,modo,a,4,0,0,0,0,0
6/3/2016,2,G,B,109,,,8:02,8:07,2,partly.cloud,rowr,a,4,0,0,0,0,0
6/3/2016,2,G,B,109,,,8:02,8:07,2,partly.cloud,spto,a,4,0,0,0,0,0
6/3/2016,2,F,H,39,,,8:15,8:20,2,partly.cloud,weme,v,1,0,0,0,0,0
6/3/2016,2,F,H,39,,,8:15,8:20,2,partly.cloud,ysfl,v,1,1,0,0,0,0
6/3/2016,2,F,H,39,,,8:15,8:20,2,partly.cloud,spto,a,3,0,0,0,0,0
6/3/2016,2,F,H,39,,,8:15,8:20,2,partly.cloud,rhwo,v,1,0,0,0,0,0
6/3/2016,2,F,H,39,,,8:15,8:20,2,partly.cloud,modo,a,4,0,0,0,0,0
6/3/2016,2,F,H,39,,,8:15,8:20,2,partly.cloud,amgo,a,4,0,0,0,0,0
6/3/2016,2,F,M,62,,,8:42,8:47,4,partly.cloud,weme,a,2,0,0,0,0,0
6/3/2016,2,F,M,62,,,8:42,8:47,4,partly.cloud,weme,a,3,0,0,0,0,0
6/3/2016,2,F,M,62,,,8:42,8:47,4,partly.cloud,modo,v,1,1,0,0,0,0
6/3/2016,2,G,B,56,,,9:09,9:14,3,partly.cloud,weme,a,3,0,0,1,0,0
6/3/2016,2,G,B,56,,,9:09,9:14,3,partly.cloud,weme,a,2,0,0,1,0,0
6/3/2016,2,G,B,56,,,9:09,9:14,3,partly.cloud,spto,a,3,0,0,1,0,0
6/3/2016,2,G,B,56,,,9:09,9:14,3,partly.cloud,rhwo,v,2,0,0,1,0,0
6/3/2016,2,G,B,56,,,9:09,9:14,3,partly.cloud,caki,v,1,0,0,1,0,0
6/4/2016,2,G,U,306,,,5:44,5:49,1,clear,weme,a,2,0,,,,
6/4/2016,2,G,U,306,,,5:44,5:49,1,clear,weme,a,3,0,,,,
6/4/2016,2,G,U,306,,,5:44,5:49,1,clear,grsp,a,2,0,,,,
6/4/2016,2,G,U,306,,,5:44,5:49,1,clear,lasp,v,2,0,,,,
6/4/2016,2,G,U,306,,,5:44,5:49,1,clear,spto,a,4,0,,,,
6/4/2016,2,G,U,306,,,5:44,5:49,1,clear,modo,a,4,0,,,,
6/4/2016,2,F,U,33,,,5:59,6:04,1,clear,spto,a,2,0,,,,
6/4/2016,2,F,U,33,,,5:59,6:04,1,clear,howr,a,2,0,,,,
6/4/2016,2,F,U,33,,,5:59,6:04,1,clear,weki,a,2,0,,,,
6/4/2016,2,F,U,33,,,5:59,6:04,1,clear,weki,a,3,0,,,,
6/4/2016,2,F,U,33,,,5:59,6:04,1,clear,cewa,a,3,0,,,,
6/4/2016,2,F,U,33,,,5:59,6:04,1,clear,amgo,a,3,0,,,,
6/4/2016,2,F,U,33,,,5:59,6:04,1,clear,weme,a,4,0,,,,
6/4/2016,2,G,U,52,,,6:14,6:19,2,clear,chsp,a,3,0,,,,
6/4/2016,2,G,U,52,,,6:14,6:19,2,clear,bhco,v,2,0,,,,
6/4/2016,2,G,U,52,,,6:14,6:19,2,clear,weki,v,3,0,,,,
6/4/2016,2,G,U,52,,,6:14,6:19,2,clear,weki,v,2,0,,,,
6/4/2016,2,G,U,52,,,6:14,6:19,2,clear,coni,a,4,0,,,,
6/4/2016,2,G,U,52,,,6:14,6:19,2,clear,weme,a,4,0,,,,
6/4/2016,2,G,U,52,,,6:14,6:19,2,clear,modo,a,4,0,,,,
6/4/2016,2,G,U,52,,,6:14,6:19,2,clear,amgo,a,4,0,,,,
6/4/2016,2,G,U,53,,,6:37,6:42,0,clear,spto,a,3,0,,,,
6/4/2016,2,G,U,53,,,6:37,6:42,0,clear,weme,a,3,0,,,,
6/4/2016,2,G,U,53,,,6:37,6:42,0,clear,bhco,a,3,0,,,,
6/4/2016,2,G,U,53,,,6:37,6:42,0,clear,weki,v,2,0,,,,
6/4/2016,2,G,U,53,,,6:37,6:42,0,clear,weki,v,2,0,,,,
6/4/2016,2,G,U,53,,,6:37,6:42,0,clear,coni,a,4,0,,,,
6/4/2016,2,G,U,53,,,6:37,6:42,0,clear,amcr,a,4,0,,,,
6/4/2016,2,G,U,53,,,6:37,6:42,0,clear,bcch,a,4,0,,,,
6/4/2016,2,G,U,53,,,6:37,6:42,0,clear,amgo,v,4,0,,,,
6/4/2016,2,G,U,53,,,6:37,6:42,0,clear,gbhe,v,4,0,,,,
6/4/2016,2,G,U,53,,,6:37,6:42,0,clear,brth,a,4,0,,,,
6/4/2016,2,G,U,53,,,6:37,6:42,0,clear,modo,a,4,0,,,,
6/4/2016,2,F,U,302,,,6:56,7:01,1,clear,auwa,a,2,0,,,,
6/4/2016,2,F,U,302,,,6:56,7:01,1,clear,howr,a,2,0,,,,
6/4/2016,2,F,U,302,,,6:56,7:01,1,clear,bhco,a,2,1,,,,
6/4/2016,2,F,U,302,,,6:56,7:01,1,clear,amgo,a,2,0,,,,
6/4/2016,2,F,U,302,,,6:56,7:01,1,clear,modo,a,4,0,,,,
6/4/2016,2,F,U,302,,,6:56,7:01,1,clear,coni,a,4,0,,,,
6/4/2016,2,F,U,302,,,6:56,7:01,1,clear,wbnu,a,4,0,,,,
6/4/2016,2,G,U,49,,,7:23,7:28,2,clear,lasp,a,2,0,,,,
6/4/2016,2,G,U,49,,,7:23,7:28,2,clear,lasp,a,1,0,,,,
6/4/2016,2,G,U,49,,,7:23,7:28,2,clear,coni,a,4,0,,,,
6/4/2016,2,G,U,49,,,7:23,7:28,2,clear,weme,a,4,0,,,,
6/4/2016,2,F,U,36,,,8:17,8:22,2,clear,howr,a,1,0,,,,
6/4/2016,2,F,U,36,,,8:17,8:22,2,clear,rowr,a,2,0,,,,
6/4/2016,2,F,U,36,,,8:17,8:22,2,clear,tuvu,v,2,1,,,,
6/4/2016,2,F,U,36,,,8:17,8:22,2,clear,swallow,v,1,1,,,,
6/4/2016,2,F,U,36,,,8:17,8:22,2,clear,swallow,v,1,1,,,,
6/4/2016,2,F,U,36,,,8:17,8:22,2,clear,kestrel,v,1,0,,,,
6/4/2016,2,F,U,36,,,8:17,8:22,2,clear,modo,a,4,0,,,,
6/4/2016,2,F,U,31,,,8:35,8:40,2,clear,coni,a,3,0,,,,
6/4/2016,2,F,U,31,,,8:35,8:40,2,clear,amgo,a,4,0,,,,
6/4/2016,2,F,U,31,,,8:35,8:40,2,clear,rbnu,a,4,0,,,,
6/4/2016,2,F,U,31,,,8:35,8:40,2,clear,wwpe,a,4,0,,,,
6/4/2016,2,F,U,31,,,8:35,8:40,2,clear,cawr,a,4,0,,,,
6/4/2016,2,F,U,31,,,8:35,8:40,2,clear,modo,a,4,0,,,,
6/5/2016,1,F,H,410,42.668365,103.526379,5:18,5:23,1,clear,howr,a,3,0,,,,
6/5/2016,1,F,H,410,42.668365,103.526379,5:18,5:23,1,clear,weme,a,3,0,,,,
6/5/2016,1,F,H,410,42.668365,103.526379,5:18,5:23,1,clear,brbl,v,3,1,,,,
6/5/2016,1,F,H,410,42.668365,103.526379,5:18,5:23,1,clear,brbl,v,3,1,,,,
6/5/2016,1,F,H,410,42.668365,103.526379,5:18,5:23,1,clear,spto,a,3,0,,,,
6/5/2016,1,F,H,409,42.667184,103.529382,5:34,5:39,2,clear,weme,a,2,0,,,,
6/5/2016,1,F,H,409,42.667184,103.529382,5:34,5:39,2,clear,brbl,v,3,1,,,,
6/5/2016,1,F,H,409,42.667184,103.529382,5:34,5:39,2,clear,brbl,v,1,1,,,,
6/5/2016,1,F,H,409,42.667184,103.529382,5:34,5:39,2,clear,modo,a,4,0,,,,
6/5/2016,1,F,H,409,42.667184,103.529382,5:34,5:39,2,clear,spto,a,4,0,,,,
6/5/2016,1,F,H,409,42.667184,103.529382,5:34,5:39,2,clear,rowr,a,4,0,,,,
6/5/2016,1,F,M,413,42.667896,103.5307,5:46,5:51,3,clear,weme,a,2,0,,,,
6/5/2016,1,F,M,413,42.667896,103.5307,5:46,5:51,3,clear,ysfl,v,1,0,,,,
6/5/2016,1,F,M,413,42.667896,103.5307,5:46,5:51,3,clear,howr,a,2,0,,,,
6/5/2016,1,F,M,413,42.667896,103.5307,5:46,5:51,3,clear,modo,a,4,0,,,,
6/5/2016,1,F,L,412,42.668699,103.532249,6:04,6:09,2,clear,weme,a,3,0,,,,
6/5/2016,1,F,L,412,42.668699,103.532249,6:04,6:09,2,clear,bhco,a,2,0,,,,
6/5/2016,1,F,L,412,42.668699,103.532249,6:04,6:09,2,clear,ysfl,v,2,0,,,,
6/5/2016,1,F,L,412,42.668699,103.532249,6:04,6:09,2,clear,rhwo,a,3,0,,,,
6/5/2016,1,F,L,412,42.668699,103.532249,6:04,6:09,2,clear,hawo,v,2,0,,,,
6/5/2016,1,F,L,412,42.668699,103.532249,6:04,6:09,2,clear,bggn,a,2,0,,,,
6/5/2016,1,F,L,412,42.668699,103.532249,6:04,6:09,2,clear,spto,a,4,0,,,,
6/5/2016,1,F,H,411,42.670314,103.531406,6:17,6:22,1,clear,bhco,a,2,0,,,,
6/5/2016,1,F,H,411,42.670314,103.531406,6:17,6:22,1,clear,weme,a,3,0,,,,
6/5/2016,1,F,H,411,42.670314,103.531406,6:17,6:22,1,clear,brth,a,2,0,,,,
6/5/2016,1,F,H,411,42.670314,103.531406,6:17,6:22,1,clear,ysfl,v,3,0,,,,
6/5/2016,1,F,H,411,42.670314,103.531406,6:17,6:22,1,clear,howr,a,4,0,,,,
6/5/2016,1,F,H,411,42.670314,103.531406,6:17,6:22,1,clear,modo,a,4,0,,,,
6/5/2016,1,F,H,408,42.669496,103.528751,6:33,6:38,1,clear,rowr,a,2,0,,,,
6/5/2016,1,F,H,408,42.669496,103.528751,6:33,6:38,1,clear,weme,a,3,0,,,,
6/5/2016,1,F,H,408,42.669496,103.528751,6:33,6:38,1,clear,bbma,v,3,0,,,,
6/5/2016,1,F,H,408,42.669496,103.528751,6:33,6:38,1,clear,howr,a,4,0,,,,
6/5/2016,1,F,H,408,42.669496,103.528751,6:33,6:38,1,clear,bhco,a,4,0,,,,
6/5/2016,1,G,B,421,42.671325,103.522496,6:53,6:58,1,clear,weme,a,2,0,,,,
6/5/2016,1,G,B,421,42.671325,103.522496,6:53,6:58,1,clear,brth,a,4,0,,,,
6/5/2016,1,G,B,420,42.663862,103.542053,7:41,7:46,3,clear,weme,a,2,0,,,,
6/5/2016,1,G,B,420,42.663862,103.542053,7:41,7:46,3,clear,modo,v,2,0,,,,
6/5/2016,1,G,B,420,42.663862,103.542053,7:41,7:46,3,clear,modo,a,4,0,,,,
6/5/2016,1,G,B,416,42.664651,103.540742,7:50,7:55,3,clear,weme,a,2,0,,,,
6/5/2016,1,F,L,422,42.662812,103.551602,8:08,8:13,3,clear,bhco,v,2,0,,,,
6/5/2016,1,F,L,422,42.662812,103.551602,8:08,8:13,3,clear,chsp,a,3,0,,,,
6/5/2016,1,F,L,422,42.662812,103.551602,8:08,8:13,3,clear,weme,a,4,0,,,,
6/5/2016,1,F,M,414,42.651511,103.548854,8:36,8:41,2,clear,bggn,v,2,0,,,,
6/5/2016,1,F,M,414,42.651511,103.548854,8:36,8:41,2,clear,bggn,v,2,0,,,,
6/5/2016,1,F,M,414,42.651511,103.548854,8:36,8:41,2,clear,weme,a,3,0,,,,
6/5/2016,1,F,M,414,42.651511,103.548854,8:36,8:41,2,clear,weme,a,2,0,,,,
6/5/2016,1,F,M,414,42.651511,103.548854,8:36,8:41,2,clear,bcch,v,2,0,,,,
6/5/2016,1,F,M,414,42.651511,103.548854,8:36,8:41,2,clear,ysfl,a,3,0,,,,
6/5/2016,1,F,M,414,42.651511,103.548854,8:36,8:41,2,clear,oror,v,1,0,,,,
6/5/2016,1,F,M,414,42.651511,103.548854,8:36,8:41,2,clear,oror,v,1,0,,,,
6/5/2016,1,F,M,414,42.651511,103.548854,8:36,8:41,2,clear,wwpe,v,1,0,,,,
6/5/2016,1,G,B,415,42.650562,103.546482,8:53,8:58,3,clear,caki,a,2,0,,,,
6/5/2016,1,G,B,415,42.650562,103.546482,8:53,8:58,3,clear,howr,a,3,0,,,,
6/5/2016,1,G,B,415,42.650562,103.546482,8:53,8:58,3,clear,weme,a,3,0,,,,
6/5/2016,1,G,B,415,42.650562,103.546482,8:53,8:58,3,clear,amgo,v,1,0,,,,
6/5/2016,1,G,B,415,42.650562,103.546482,8:53,8:58,3,clear,amgo,v,1,0,,,,
6/5/2016,1,G,B,415,42.650562,103.546482,8:53,8:58,3,clear,rowr,a,4,0,,,,
6/5/2016,1,G,B,415,42.650562,103.546482,8:53,8:58,3,clear,spto,a,4,0,,,,
6/5/2016,1,F,M,216,42.644161,103.543212,9:28,9:32,3,clear,howr,a,2,0,,,,
6/5/2016,1,F,M,216,42.644161,103.543212,9:28,9:32,3,clear,wwpe,v,3,0,,,,
6/5/2016,1,F,M,216,42.644161,103.543212,9:28,9:32,3,clear,amgo,v,2,0,,,,
6/5/2016,1,F,M,216,42.644161,103.543212,9:28,9:32,3,clear,amgo,v,2,0,,,,
6/5/2016,1,F,M,216,42.644161,103.543212,9:28,9:32,3,clear,amgo,v,1,0,,,,
6/5/2016,1,F,M,216,42.644161,103.543212,9:28,9:32,3,clear,lasp,v,1,0,,,,
6/5/2016,1,F,M,216,42.644161,103.543212,9:28,9:32,3,clear,coni,a,4,0,,,,
6/5/2016,1,F,M,216,42.644161,103.543212,9:28,9:32,3,clear,modo,a,4,0,,,,
6/5/2016,1,F,L,423,42.642149,103.545999,9:49,9:54,2,clear,weme,a,2,0,,,,
6/5/2016,1,F,L,423,42.642149,103.545999,9:49,9:54,2,clear,rowr,a,3,0,,,,
6/5/2016,1,F,L,423,42.642149,103.545999,9:49,9:54,2,clear,howr,a,2,0,,,,
6/5/2016,1,F,L,423,42.642149,103.545999,9:49,9:54,2,clear,lasp,a,3,0,,,,
6/5/2016,1,F,L,423,42.642149,103.545999,9:49,9:54,2,clear,amgo,v,3,0,,,,
6/5/2016,1,F,L,423,42.642149,103.545999,9:49,9:54,2,clear,buor,v,2,0,,,,
6/6/2016,1,G,U,424,42.67561,103.47732,4:42,4:47,1,partly.cloud,weme,a,1,0,,,,
6/6/2016,1,G,U,424,42.67561,103.47732,4:42,4:47,1,partly.cloud,modo,a,4,0,,,,
6/6/2016,1,G,U,424,42.67561,103.47732,4:42,4:47,1,partly.cloud,amro,a,4,0,,,,
6/6/2016,1,G,U,424,42.67561,103.47732,4:42,4:47,1,partly.cloud,oror,a,4,0,,,,
6/6/2016,2,G,U,51,42.6775,103.47418,4:55,5:00,1,partly.cloud,grsp,a,2,0,,,,
6/6/2016,2,G,U,51,42.6775,103.47418,4:55,5:00,1,partly.cloud,weme,a,1,0,,,,
6/6/2016,2,G,U,51,42.6775,103.47418,4:55,5:00,1,partly.cloud,modo,v,1,1,,,,
6/6/2016,1,G,U,405,42.67912,103.4773,5:06,5:11,1,partly.cloud,weme,a,2,0,,,,
6/6/2016,1,G,U,405,42.67912,103.4773,5:06,5:11,1,partly.cloud,grsp,a,1,0,,,,
6/6/2016,1,G,U,307,42.67927,103.48444,5:22,5:27,1,partly.cloud,weme,a,2,0,,,,
6/6/2016,1,G,U,307,42.67927,103.48444,5:22,5:27,1,partly.cloud,grsp,a,2,0,,,,
6/6/2016,1,G,U,307,42.67927,103.48444,5:22,5:27,1,partly.cloud,modo,v,1,0,,,,
6/6/2016,1,G,U,307,42.67927,103.48444,5:22,5:27,1,partly.cloud,turk,a,4,0,,,,
6/6/2016,1,G,U,406,42.68313,103.48404,5:37,5:42,1,clear,grsp,a,2,0,,,,
6/6/2016,1,G,U,406,42.68313,103.48404,5:37,5:42,1,clear,weme,a,2,0,,,,
6/6/2016,1,G,U,406,42.68313,103.48404,5:37,5:42,1,clear,howr,a,4,0,,,,
6/6/2016,1,G,U,406,42.68313,103.48404,5:37,5:42,1,clear,yewa,a,4,0,,,,
6/6/2016,1,G,U,406,42.68313,103.48404,5:37,5:42,1,clear,turk,a,4,0,,,,
6/6/2016,1,G,U,406,42.68313,103.48404,5:37,5:42,1,clear,amcr,a,4,0,,,,
6/6/2016,1,F,U,402,42.68912,103.46947,6:16,6:21,4,clear,amcr,a,3,0,,,,
6/6/2016,1,F,U,402,42.68912,103.46947,6:16,6:21,4,clear,auwa,a,2,0,,,,
6/6/2016,1,F,U,401,42.69042,103.46363,6:48,6:53,3,clear,amgo,a,3,0,,,,
6/6/2016,1,F,U,401,42.69042,103.46363,6:48,6:53,3,clear,chsp,a,2,0,,,,
6/6/2016,1,F,U,401,42.69042,103.46363,6:48,6:53,3,clear,bcch,a,2,0,,,,
6/6/2016,1,F,U,401,42.69042,103.46363,6:48,6:53,3,clear,coni,a,3,0,,,,
6/6/2016,1,F,U,401,42.69042,103.46363,6:48,6:53,3,clear,swallow,v,1,1,,,,
6/6/2016,1,F,U,401,42.69042,103.46363,6:48,6:53,3,clear,swallow,v,1,1,,,,
6/6/2016,1,F,U,401,42.69042,103.46363,6:48,6:53,3,clear,wbnu,a,4,0,,,,
6/6/2016,1,F,U,401,42.69042,103.46363,6:48,6:53,3,clear,howr,a,4,0,,,,
6/6/2016,1,F,U,403,42.68843,103.45767,7:13,7:18,3,clear,amcr,a,3,0,,,,
6/6/2016,1,F,U,403,42.68843,103.45767,7:13,7:18,3,clear,auwa,a,3,0,,,,
6/6/2016,1,F,U,403,42.68843,103.45767,7:13,7:18,3,clear,chsp,a,3,0,,,,
6/6/2016,1,F,U,403,42.68843,103.45767,7:13,7:18,3,clear,bhco,a,2,0,,,,
6/6/2016,1,F,U,403,42.68843,103.45767,7:13,7:18,3,clear,spto,a,3,0,,,,
6/6/2016,1,F,U,403,42.68843,103.45767,7:13,7:18,3,clear,coni,a,4,0,,,,
6/6/2016,1,F,U,403,42.68843,103.45767,7:13,7:18,3,clear,modo,v,1,1,,,,
6/6/2016,1,F,U,403,42.68843,103.45767,7:13,7:18,3,clear,bcch,a,2,0,,,,
6/6/2016,1,F,U,303,42.68674,103.45999,7:35,7:40,2,clear,bcch,v,1,0,,,,
6/6/2016,1,F,U,303,42.68674,103.45999,7:35,7:40,2,clear,amgo,a,2,0,,,,
6/6/2016,1,F,U,303,42.68674,103.45999,7:35,7:40,2,clear,bhco,a,3,0,,,,
6/6/2016,1,F,U,303,42.68674,103.45999,7:35,7:40,2,clear,coni,a,4,0,,,,
6/6/2016,1,F,M,419,42.6579,103.51293,8:45,8:50,4,clear,weme,a,2,0,,,,
6/6/2016,1,F,M,419,42.6579,103.51293,8:45,8:50,4,clear,lasp,v,1,0,,,,
6/6/2016,1,F,M,419,42.6579,103.51293,8:45,8:50,4,clear,bhco,v,1,1,,,,
6/6/2016,1,F,M,419,42.6579,103.51293,8:45,8:50,4,clear,rowr,a,3,0,,,,
6/6/2016,1,F,M,419,42.6579,103.51293,8:45,8:50,4,clear,kestrel,v,1,1,,,,
6/6/2016,1,F,L,417R,42.6578,103.51782,9:12,9:17,3,clear,auwa,a,2,0,,,,
6/6/2016,1,F,L,417R,42.6578,103.51782,9:12,9:17,3,clear,chsp,a,3,0,,,,
6/6/2016,1,F,L,417R,42.6578,103.51782,9:12,9:17,3,clear,weme,a,3,0,,,,
6/6/2016,1,F,L,417R,42.6578,103.51782,9:12,9:17,3,clear,mobl,a,3,0,,,,
6/6/2016,1,F,L,417R,42.6578,103.51782,9:12,9:17,3,clear,tuvu,v,1,1,,,,
6/6/2016,1,F,L,209,42.65776,103.5441,10:00,10:05,3,clear,rowr,a,3,0,,,,
6/6/2016,1,F,L,209,42.65776,103.5441,10:00,10:05,3,clear,weme,v,2,0,,,,
6/7/2016,2,F,H,410,,,5:05,5:10,4,clear,lasp,a,2,0,,,,
6/7/2016,2,F,H,410,,,5:05,5:10,4,clear,weme,a,3,0,,,,
6/7/2016,2,F,H,410,,,5:05,5:10,4,clear,oror,a,4,0,,,,
6/7/2016,2,F,H,410,,,5:05,5:10,4,clear,howr,a,4,0,,,,
6/7/2016,2,F,H,409,,,5:22,5:27,3,clear,weme,a,2,0,,,,
6/7/2016,2,F,H,409,,,5:22,5:27,3,clear,rowr,a,3,0,,,,
6/7/2016,2,F,M,413,,,5:33,5:38,3,clear,weme,a,2,0,,,,
6/7/2016,2,F,M,413,,,5:33,5:38,3,clear,bhco,a,2,0,,,,
6/7/2016,2,F,M,413,,,5:33,5:38,3,clear,spto,a,2,0,,,,
6/7/2016,2,F,M,413,,,5:33,5:38,3,clear,howr,a,4,0,,,,
6/7/2016,2,F,M,413,,,5:33,5:38,3,clear,eaki,a,4,0,,,,
6/7/2016,2,F,L,412,,,5:45,5:50,3,clear,spto,a,2,0,,,,
6/7/2016,2,F,L,412,,,5:45,5:50,3,clear,howr,a,2,0,,,,
6/7/2016,2,F,L,412,,,5:45,5:50,3,clear,weme,a,2,0,,,,
6/7/2016,2,F,L,412,,,5:45,5:50,3,clear,eaki,v,1,0,,,,
6/7/2016,2,F,L,412,,,5:45,5:50,3,clear,eaki,v,1,0,,,,
6/7/2016,2,F,L,412,,,5:45,5:50,3,clear,bggn,a,2,0,,,,
6/7/2016,2,F,L,412,,,5:45,5:50,3,clear,amgo,v,1,0,,,,
6/7/2016,2,F,L,412,,,5:45,5:50,3,clear,rowr,a,4,0,,,,
6/7/2016,2,F,H,411,,,5:58,6:03,2,clear,weme,v,1,0,,,,
6/7/2016,2,F,H,411,,,5:58,6:03,2,clear,brth,a,2,0,,,,
6/7/2016,2,F,H,411,,,5:58,6:03,2,clear,ysfl,v,1,0,,,,
6/7/2016,2,F,H,411,,,5:58,6:03,2,clear,bbma,v,3,1,,,,
6/7/2016,2,F,H,411,,,5:58,6:03,2,clear,bhco,v,2,1,,,,
6/7/2016,2,F,H,408,,,6:13,6:18,2,clear,modo,v,2,1,,,,
6/7/2016,2,F,H,408,,,6:13,6:18,2,clear,bbma,v,3,0,,,,
6/7/2016,2,F,H,408,,,6:13,6:18,2,clear,weme,a,3,0,,,,
6/7/2016,2,F,H,408,,,6:13,6:18,2,clear,weme,a,2,0,,,,
6/7/2016,2,F,H,408,,,6:13,6:18,2,clear,bhco,v,1,1,,,,
6/7/2016,2,F,H,408,,,6:13,6:18,2,clear,howr,a,4,0,,,,
6/7/2016,2,G,B,421,,,6:34,6:39,2,clear,weme,a,2,0,,,,
6/7/2016,2,G,B,421,,,6:34,6:39,2,clear,rowr,a,4,0,,,,
6/7/2016,2,G,B,421,,,6:34,6:39,2,clear,modo,a,4,0,,,,
6/7/2016,2,G,B,420,,,7:18,7:23,4,clear,weme,a,2,0,,,,
6/7/2016,2,G,B,420,,,7:18,7:23,4,clear,modo,a,4,0,,,,
6/7/2016,2,G,B,416,,,7:27,7:32,4,clear,weme,a,2,0,,,,
6/7/2016,2,G,B,416,,,7:27,7:32,4,clear,modo,v,1,1,,,,
6/7/2016,2,G,B,416,,,7:27,7:32,4,clear,rowr,a,3,0,,,,
6/7/2016,2,F,M,414,,,7:54,7:59,3,clear,spto,a,2,0,,,,
6/7/2016,2,F,M,414,,,7:54,7:59,3,clear,weme,a,2,0,,,,
6/7/2016,2,F,M,414,,,7:54,7:59,3,clear,caki,v,1,0,,,,
6/7/2016,2,F,M,414,,,7:54,7:59,3,clear,eabl,a,3,0,,,,
6/7/2016,2,F,M,414,,,7:54,7:59,3,clear,wwpe,v,1,0,,,,
6/7/2016,2,F,M,414,,,7:54,7:59,3,clear,yewa,a,4,0,,,,
6/7/2016,2,F,M,414,,,7:54,7:59,3,clear,bcch,a,4,0,,,,
6/7/2016,2,G,B,415,,,8:07,8:11,4,clear,weme,a,2,0,,,,
6/7/2016,2,G,B,415,,,8:07,8:11,4,clear,caki,v,1,0,,,,
6/7/2016,2,G,B,415,,,8:07,8:11,4,clear,rowr,v,2,0,,,,
6/7/2016,2,G,B,415,,,8:07,8:11,4,clear,spto,a,4,0,,,,
6/7/2016,2,G,B,415,,,8:07,8:11,4,clear,wwpe,a,4,0,,,,
6/7/2016,2,F,M,216,,,8:34,8:39,4,clear,caki,v,1,0,,,,
6/7/2016,2,F,M,216,,,8:34,8:39,4,clear,howr,a,2,0,,,,
6/7/2016,2,F,M,216,,,8:34,8:39,4,clear,bhco,a,2,0,,,,
6/7/2016,2,F,M,216,,,8:34,8:39,4,clear,coni,a,4,0,,,,
6/7/2016,2,F,M,216,,,8:34,8:39,4,clear,spto,a,4,0,,,,
6/7/2016,2,F,M,216,,,8:34,8:39,4,clear,modo,a,4,0,,,,
6/7/2016,2,F,L,423,,,8:56,9:01,4,clear,wwpe,v,1,0,,,,
6/7/2016,2,F,L,423,,,8:56,9:01,4,clear,modo,v,2,0,,,,
6/7/2016,2,F,L,423,,,8:56,9:01,4,clear,howr,a,3,0,,,,
6/7/2016,2,F,L,423,,,8:56,9:01,4,clear,weme,a,3,0,,,,
6/7/2016,2,F,L,423,,,8:56,9:01,4,clear,bhco,v,3,0,,,,
6/7/2016,2,F,L,423,,,8:56,9:01,4,clear,amgo,v,2,0,,,,
6/7/2016,2,F,L,423,,,8:56,9:01,4,clear,buor,v,2,0,,,,
6/8/2016,2,F,U,402,,,4:56,5:01,2,clear,auwa,a,2,0,,,,
6/8/2016,2,F,U,402,,,4:56,5:01,2,clear,bcch,a,2,0,,,,
6/8/2016,2,F,U,402,,,4:56,5:01,2,clear,amgo,v,1,1,,,,
6/8/2016,2,F,U,402,,,4:56,5:01,2,clear,amcr,a,4,0,,,,
6/8/2016,2,F,U,401,,,5:27,5:32,2,clear,bcch,a,3,0,,,,
6/8/2016,2,F,U,401,,,5:27,5:32,2,clear,plvi,a,2,0,,,,
6/8/2016,2,F,U,401,,,5:27,5:32,2,clear,chsp,a,2,0,,,,
6/8/2016,2,F,U,401,,,5:27,5:32,2,clear,howr,a,2,0,,,,
6/8/2016,2,F,U,401,,,5:27,5:32,2,clear,mobl,a,2,0,,,,
6/8/2016,2,F,U,401,,,5:27,5:32,2,clear,wwpe,a,4,0,,,,
6/8/2016,2,F,U,401,,,5:27,5:32,2,clear,oven,a,4,0,,,,
6/8/2016,2,F,U,403,,,5:51,5:56,3,clear,auwa,a,2,0,,,,
6/8/2016,2,F,U,403,,,5:51,5:56,3,clear,amgo,v,1,0,,,,
6/8/2016,2,F,U,403,,,5:51,5:56,3,clear,amcr,v,3,1,,,,
6/8/2016,2,F,U,403,,,5:51,5:56,3,clear,bcch,v,1,0,,,,
6/8/2016,2,F,U,403,,,5:51,5:56,3,clear,pynu,v,1,0,,,,
6/8/2016,2,F,U,303,,,6:08,6:13,2,clear,bhco,a,2,0,,,,
6/8/2016,2,F,U,303,,,6:08,6:13,2,clear,oven,a,3,0,,,,
6/8/2016,2,F,U,303,,,6:08,6:13,2,clear,amcr,a,3,0,,,,
6/8/2016,2,F,U,303,,,6:08,6:13,2,clear,bcch,a,3,0,,,,
6/8/2016,2,F,U,303,,,6:08,6:13,2,clear,auwa,a,3,0,,,,
6/8/2016,2,F,U,303,,,6:08,6:13,2,clear,spto,a,4,0,,,,
6/8/2016,2,F,U,303,,,6:08,6:13,2,clear,modo,a,4,0,,,,
6/8/2016,2,G,U,405,,,6:48,6:53,3,clear,weme,a,1,0,,,,
6/8/2016,2,G,U,405,,,6:48,6:53,3,clear,grsp,a,1,0,,,,
6/8/2016,2,G,U,424,,,7:01,7:06,2,clear,weme,a,2,0,,,,
6/8/2016,2,G,U,424,,,7:01,7:06,2,clear,rtha,v,4,1,,,,
6/8/2016,2,G,U,424,,,7:01,7:06,2,clear,eaki,v,4,1,,,,
6/8/2016,2,G,U,424,,,7:01,7:06,2,clear,amro,a,4,0,,,,
6/8/2016,2,G,U,424,,,7:01,7:06,2,clear,eaph,a,4,0,,,,
6/8/2016,2,G,U,307,,,7:16,7:21,2,clear,weme,v,1,0,,,,
6/8/2016,2,G,U,307,,,7:16,7:21,2,clear,grsp,a,1,0,,,,
6/8/2016,2,G,U,307,,,7:16,7:21,2,clear,yewa,a,4,0,,,,
6/8/2016,2,F,M,419,,,8:02,8:07,3,clear,amgo,v,2,0,,,,
6/8/2016,2,F,M,419,,,8:02,8:07,3,clear,weme,a,2,0,,,,
6/8/2016,2,F,M,419,,,8:02,8:07,3,clear,weta,a,3,0,,,,
6/8/2016,2,F,M,419,,,8:02,8:07,3,clear,chsp,a,3,0,,,,
6/8/2016,2,F,M,419,,,8:02,8:07,3,clear,spto,a,4,0,,,,
6/8/2016,2,F,L,417R,,,8:12,8:17,2,clear,mobl,v,1,0,,,,
6/8/2016,2,F,L,417R,,,8:12,8:17,2,clear,wwpe,v,1,0,,,,
6/8/2016,2,F,L,417R,,,8:12,8:17,2,clear,auwa,a,2,0,,,,
6/8/2016,2,F,L,417R,,,8:12,8:17,2,clear,chsp,a,2,0,,,,
6/8/2016,2,F,L,417R,,,8:12,8:17,2,clear,bhco,v,1,0,,,,
6/8/2016,2,F,L,417R,,,8:12,8:17,2,clear,weme,a,4,0,,,,
6/8/2016,2,F,L,417R,,,8:12,8:17,2,clear,modo,a,4,0,,,,
6/8/2016,2,F,L,209,,,9:03,9:08,3,clear,weme,a,2,0,,,,
6/8/2016,2,F,L,209,,,9:03,9:08,3,clear,rowr,a,2,0,,,,
6/8/2016,2,F,L,422,,,9:26,9:31,2,clear,weme,a,2,0,,,,
6/8/2016,2,F,L,422,,,9:26,9:31,2,clear,rowr,a,2,0,,,,
6/8/2016,2,F,L,422,,,9:26,9:31,2,clear,ysfl,a,2,0,,,,
6/8/2016,2,F,L,422,,,9:26,9:31,2,clear,bhco,v,2,0,,,,
6/8/2016,2,F,L,422,,,9:26,9:31,2,clear,bggn,a,3,0,,,,
6/8/2016,2,F,L,422,,,9:26,9:31,2,clear,wwpe,a,4,0,,,,
6/8/2016,2,F,L,422,,,9:26,9:31,2,clear,modo,a,4,0,,,,
